S.N.,Code,Province,District,Local unit,total_pop,pop_density(per_sq.km),literacy_rate,hh_number,hh_size,cooking_wood,cooking_LPG,cooking_Electricity,cooking_cowdung,Cooking_Biogas,cooking_Kerosene,mud_floor,cement_floor,mud_wall,cement_wall
1,10101,Koshi,Taplejung,Phaktanlung Rural Municipality,11791,6,78.7,2832,4.163488701,2694,124,5,2,4,3,2409,101,2506,76
2,10102,Koshi,Taplejung,Mikwakhola Rural Municipality,7964,18,77.7,1845,4.316531165,1800,44,0,0,0,1,1594,65,1702,35
3,10103,Koshi,Taplejung,Meringden Rural Municipality,11838,56,79.4,2662,4.447032307,2541,113,0,0,3,1,2464,111,2380,91
4,10104,Koshi,Taplejung,Maiwakhola Rural Municipality,10213,74,79.9,2249,4.541129391,2214,29,2,0,3,1,2140,66,1993,39
5,10105,Koshi,Taplejung,Aatharai Tribeni Rural Municipality,12296,138,81.2,2854,4.308339173,2741,89,1,1,8,4,2688,76,2669,24
6,10106,Koshi,Taplejung,Phungling Municipality,28449,227,86.5,6898,4.12423891,4560,2285,18,0,28,5,4167,2306,4255,1669
7,10107,Koshi,Taplejung,PathivaraYangwarak Rural Municipality,11806,126,82.8,2705,4.364510166,2570,106,4,2,3,6,2407,132,2425,38
8,10108,Koshi,Taplejung,Sirijanga Rural Municipality,14114,29,83.5,3255,4.33609831,3094,159,0,0,1,0,2950,192,3092,58
9,10109,Koshi,Taplejung,Sidingba Rural Municipality,10979,53,80.4,2476,4.434168013,2416,57,2,0,1,0,2343,43,2322,38
10,10201,Koshi,Sankhuwasabha,Bhotkhola Rural Municipality,6438,10,61.1,1684,3.82304038,1636,37,0,0,1,9,712,45,1304,16
11,10202,Koshi,Sankhuwasabha,Makalu Rural Municipality,13424,26,75.5,3476,3.861910242,3150,314,2,0,5,1,2714,360,2510,84
12,10203,Koshi,Sankhuwasabha,Silichong Rural Municipality,10296,35,80.9,2490,4.134939759,2429,59,2,0,0,0,2343,68,1588,49
13,10204,Koshi,Sankhuwasabha,Chichila Rural Municipality,6577,74,80.4,1664,3.952524038,1569,90,4,0,0,1,1327,222,1312,82
14,10205,Koshi,Sankhuwasabha,Sabhapokhari Rural Municipality,9970,45,79.4,2507,3.976864779,2281,218,2,1,2,3,2206,210,1634,131
15,10206,Koshi,Sankhuwasabha,Khandabari Municipality,35565,290,83.6,9309,3.820496294,5561,3585,36,1,108,18,6195,2715,5529,1726
16,10207,Koshi,Sankhuwasabha,Panchakhapan Municipality,16348,110,78.4,4000,4.087,3787,201,1,1,6,2,3623,276,2565,103
17,10208,Koshi,Sankhuwasabha,Chainapur Municipality,26799,120,79.5,6648,4.031137184,5779,809,11,0,43,5,5747,701,5332,412
18,10209,Koshi,Sankhuwasabha,Madi Municipality,13273,121,79.2,3281,4.045412984,3072,204,1,0,2,2,3118,103,3035,37
19,10210,Koshi,Sankhuwasabha,Dharmadevi Municipality,16053,121,79.1,4059,3.954915004,3658,390,2,0,4,0,3515,400,3305,172
20,10301,Koshi,Solukhumbu,Khumbu Pasanglhamu Rural Municipality,8720,6,74.9,2489,3.503415026,726,1327,385,1,2,48,502,389,1543,718
21,10302,Koshi,Solukhumbu,Mahakulung Rural Municipality,11847,18,79.1,2912,4.068337912,2776,128,2,0,6,0,2682,111,2595,103
22,10303,Koshi,Solukhumbu,Sotang Rural Municipality,9025,88,77.6,2296,3.930749129,2119,168,0,0,6,2,2072,170,2067,86
23,10304,Koshi,Solukhumbu,Dhudhakoshi Rural Municipality,12648,75,75,3140,4.028025478,2975,142,1,0,22,0,2722,206,2970,43
24,10305,Koshi,Solukhumbu,Dhudha Koushika Rural Municipality,18354,127,73.2,4624,3.969290657,4356,253,1,0,14,0,4195,297,4329,107
25,10306,Koshi,Solukhumbu,Necha Salyan Rural Municipality,11381,169,78.5,2783,4.089471793,2655,125,2,0,0,1,2487,219,2663,67
26,10307,Koshi,Solukhumbu,Solu Dhudhakunda Municipality,25678,45,78.5,6744,3.807532622,4955,1777,9,0,3,0,3977,1643,5512,592
27,10308,Koshi,Solukhumbu,Likhu Pike Rural Municipality,5334,43,73.6,1251,4.263788969,1223,25,0,0,3,0,1104,90,1189,25
28,10401,Koshi,Okhaldhunga,Chishankhu Gadhi Rural Municipality,13844,109,74.8,3305,4.188804841,3181,86,3,0,32,0,3083,147,3187,70
29,10402,Koshi,Okhaldhunga,Siddhicharan Municipality,27351,163,76.2,7126,3.838198148,6006,1036,5,2,68,4,5702,1159,5892,871
30,10403,Koshi,Okhaldhunga,Molung Rural Municipality,16440,147,73.8,4069,4.040304743,3831,224,1,0,6,5,3048,857,3515,419
31,10404,Koshi,Okhaldhunga,Khiji Demba Rural Municipality,15559,87,74.8,3438,4.525596277,3203,218,1,0,13,2,2911,273,3328,46
32,10405,Koshi,Okhaldhunga,Likhu Rural Municipality,12104,137,70.7,3161,3.829167985,3031,124,1,0,1,3,2788,284,3056,81
33,10406,Koshi,Okhaldhunga,Champadevi Rural Municipality,16311,129,68.3,4034,4.043381259,3785,234,5,0,8,1,3564,244,3935,78
34,10407,Koshi,Okhaldhunga,Sunkoshi Rural Municipality,17783,124,71.4,4368,4.071199634,4090,263,5,0,8,1,3507,698,3925,397
35,10408,Koshi,Okhaldhunga,Manebhanjyang Rural Municipality,19597,134,77.6,4785,4.095506792,4158,539,0,1,80,7,3951,661,3995,528
36,10501,Koshi,Khotang,Kepilasgadhi Rural Municipality,13231,69,75,3318,3.987643159,3131,116,3,0,63,4,3099,105,3102,66
37,10502,Koshi,Khotang,Aiselukharka Rural Municipality,13217,105,74.3,3355,3.939493294,3206,136,4,0,6,3,3148,80,3171,53
38,10503,Koshi,Khotang,Lamidanda Rural Municipality,11199,115,73.4,2715,4.124861878,2582,124,2,0,4,1,2477,134,2550,112
39,10504,Koshi,Khotang,Halesi Tuwachung Municipality,27078,97,74.3,6035,4.486826843,5419,566,12,1,35,1,5103,642,5143,396
40,10505,Koshi,Khotang,Rupakot Majhuwagadhi Municipality,43008,174,78.8,10767,3.994427417,8886,1731,11,1,120,16,9278,1055,9515,793
41,10506,Koshi,Khotang,Sakela Rural Municipality,9623,120,79.3,2299,4.185732927,2247,46,0,0,1,4,2162,55,2185,44
42,10507,Koshi,Khotang,Diprung Rural Municipality,16305,119,77.2,3801,4.289660616,3713,80,3,0,3,1,3585,112,3576,66
43,10508,Koshi,Khotang,Khotehang Rural Municipality,16846,103,75.1,4115,4.093803159,3913,189,3,1,4,4,3725,236,3860,135
44,10509,Koshi,Khotang,Jante Dhunga Rural Municipality,12016,93,73.2,2747,4.374226429,2557,176,3,1,3,7,2522,62,2447,42
45,10510,Koshi,Khotang,Baraha Pokhari Rural Municipality,11397,81,71.9,2568,4.438084112,2376,187,2,0,2,1,2159,267,2209,79
46,10601,Koshi,Bhojpur,Shadananda Municipality,29342,122,78.8,7311,4.013404459,6913,356,8,0,13,18,6659,453,6454,191
47,10602,Koshi,Bhojpur,Salpa Silichho Rural Municipality,12284,64,79.3,2998,4.097398266,2871,120,2,0,1,3,2759,146,2659,67
48,10603,Koshi,Bhojpur,Tyamke Maiyum Rural Municipality,15464,89,79.1,3854,4.012454593,3743,105,2,0,3,0,3673,102,3679,51
49,10604,Koshi,Bhojpur,Bhojpur Municipality,26007,163,82.8,6744,3.856316726,5095,1609,17,1,7,4,5777,713,5868,507
50,10605,Koshi,Bhojpur,Arun Rural Municipality,14591,94,76.5,3538,4.124081402,3401,128,2,0,1,5,3194,263,3283,62
51,10606,Koshi,Bhojpur,Pauwa Dunma Rural Municipality,12107,102,77.8,2913,4.156196361,2796,113,2,0,2,0,2744,85,2761,45
52,10607,Koshi,Bhojpur,Ramprasad Rai Rural Municipality,15673,99,78.4,3709,4.225667296,3603,88,0,1,0,17,3520,51,3540,45
53,10608,Koshi,Bhojpur,Hatuwagadhi Rural Municipality,16175,113,76.4,4034,4.009667824,3816,212,1,0,3,1,3629,268,3394,101
54,10609,Koshi,Bhojpur,Aamchowk Rural Municipality,14968,81,76.1,3479,4.302385743,3370,105,2,1,0,0,3229,128,2919,50
55,10701,Koshi,Dhankuta,Mahalaxmi Municipality,22182,171,80,5412,4.098669623,4892,502,0,0,17,1,4567,723,4741,377
56,10702,Koshi,Dhankuta,Pakhribas Municipality,19104,132,78.8,4844,3.943848059,4100,731,1,0,9,3,3877,838,3740,601
57,10703,Koshi,Dhankuta,Chhathar Jorpati Rural Municipality,16456,160,81,4148,3.967213115,3188,935,1,0,24,0,3337,681,3231,578
58,10704,Koshi,Dhankuta,Dhankuta Municipality,35983,324,84.5,9637,3.733838331,4168,5426,11,1,15,6,4897,4440,4867,3565
59,10705,Koshi,Dhankuta,Khalsa Chhintang Sahidbhumi Rural Municipality,17767,178,78.5,4090,4.34400978,3310,761,6,0,2,2,3209,783,2663,381
60,10706,Koshi,Dhankuta,Sangurigadhi Rural Municipality,19561,118,80.8,5005,3.908291708,4027,943,8,0,27,0,3577,1280,3278,641
61,10707,Koshi,Dhankuta,Chaubise Rural Municipality,17677,120,81.4,4480,3.945758929,3925,492,7,0,52,0,3493,781,2905,589
62,10801,Koshi,Terhathum,Aatharai Rural Municipality,18156,109,82.2,4373,4.151840842,4175,189,1,0,7,1,4115,164,4136,82
63,10802,Koshi,Terhathum,Phedap Rural Municipality,15169,137,80.3,3662,4.142271983,3494,155,0,0,5,5,3521,73,3468,39
64,10803,Koshi,Terhathum,Menchhayayem Rural Municipality,6678,95,80.2,1703,3.921315326,1633,67,0,0,2,1,1576,107,1589,28
65,10804,Koshi,Terhathum,Myanglung Municipality,18750,187,85.6,4872,3.848522167,3194,1602,3,0,58,12,3775,944,3941,692
66,10805,Koshi,Terhathum,Laligurans Municipality,15329,170,81.6,3759,4.077946262,3064,686,2,0,7,0,3105,522,3091,311
67,10806,Koshi,Terhathum,Chhathar Rural Municipality,14197,106,79.1,3476,4.08429229,3148,317,1,0,3,5,3223,165,3116,144
68,10901,Koshi,Panchthar,Yangbarak Rural Municipality,16821,81,82.5,3956,4.252022245,3650,299,1,0,6,0,3326,396,3347,201
69,10902,Koshi,Panchthar,Hilihan Rural Municipality,19085,155,82.3,4588,4.159764603,4249,262,2,1,67,4,4043,311,4129,106
70,10903,Koshi,Panchthar,Falelung Rural Municipality,20361,98,82,4915,4.142624619,4730,177,2,0,5,1,4544,181,3892,117
71,10904,Koshi,Panchthar,Phidim Municipality,48495,252,83.7,12336,3.931177043,8525,3705,18,0,64,15,8591,3188,7794,2797
72,10905,Koshi,Panchthar,Falgunanda Rural Municipality,21289,198,80.9,5278,4.03353543,4807,439,6,2,21,1,4640,397,4295,283
73,10906,Koshi,Panchthar,Kummayak Rural Municipality,12746,99,80.4,3158,4.036098797,2917,222,1,0,9,3,2851,192,2869,140
74,10907,Koshi,Panchthar,Tumbewa Rural Municipality,11189,95,77.7,2747,4.073170732,2621,124,0,0,1,0,2511,128,2413,117
75,10908,Koshi,Panchthar,Miklajung Rural Municipality,21061,126,82.9,5459,3.858032607,4955,455,6,1,17,1,4767,537,4182,449
76,11001,Koshi,Ilam,Mai Jogmai Rural Municipality,19131,111,81.9,4942,3.871104816,4493,429,0,0,20,0,3846,626,3348,480
77,11002,Koshi,Ilam,Sandakpur Rural Municipality,15444,99,81.7,4013,3.8484924,3656,348,1,0,7,0,3204,543,2257,333
78,11003,Koshi,Ilam,Ilam Municipality,50085,289,86.7,12952,3.866970352,8370,4459,20,4,95,3,7117,4882,6214,4367
79,11004,Koshi,Ilam,Deumai Municipality,30969,162,83.4,7686,4.029274005,6847,787,5,0,44,1,6134,1196,5335,1002
80,11005,Koshi,Ilam,Fakfokathum Rural Municipality,19706,181,82.4,4898,4.023274806,4615,259,4,0,20,0,4117,485,4010,393
81,11006,Koshi,Ilam,Mangsebung Rural Municipality,16810,118,82,3889,4.32244793,3637,235,5,0,6,3,3347,314,1778,139
82,11007,Koshi,Ilam,Chulachuli Rural Municipality,23157,214,81.3,5613,4.125601283,3255,2070,54,0,232,2,2479,2644,325,1818
83,11008,Koshi,Ilam,Mai Municipality,30732,125,79.6,7939,3.871016501,6669,1109,22,3,130,3,4935,2138,325,1012
84,11009,Koshi,Ilam,Suryodaya Municipality,54727,217,85.3,14032,3.900156784,10021,3685,29,1,285,8,6999,5051,5212,4729
85,11010,Koshi,Ilam,Rong Rural Municipality,17367,112,81.5,4537,3.827859819,3616,844,4,0,44,1,2613,1534,1268,1086
86,11101,Koshi,Jhapa,Mechinagar Municipality,133073,690,83.3,32695,4.070133048,9965,21861,123,44,678,7,4890,25371,918,24248
87,11102,Koshi,Jhapa,Buddhashanti Rural Municipality,53010,664,84.7,13285,3.990214528,3765,8727,42,19,726,0,2191,10415,371,9041
88,11103,Koshi,Jhapa,Arjundhara Municipality,84018,765,84.4,20935,4.013279198,4812,15299,82,25,713,1,3039,15796,392,14990
89,11104,Koshi,Jhapa,Kankai Municipality,53148,656,83.3,13169,4.03584175,2913,9716,59,7,464,2,1594,10503,265,10086
90,11105,Koshi,Jhapa,Shivasatakshi Municipality,74077,508,82.3,18253,4.058346573,8149,9399,108,26,559,2,5038,11192,563,9681
91,11106,Koshi,Jhapa,Kamal Rural Municipality,53894,515,83.5,13165,4.093733384,3780,8847,90,1,444,0,3158,9060,231,8200
92,11107,Koshi,Jhapa,Damak Municipality,107227,1513,88,27569,3.889404766,2595,24301,120,8,534,4,2261,22378,626,22865
93,11108,Koshi,Jhapa,Gauradaha Municipality,60451,403,78.9,14846,4.071871211,6438,7573,71,184,573,1,5041,8801,382,8311
94,11109,Koshi,Jhapa,Gauriganj Rural Municipality,35506,350,74.6,8547,4.154206154,5392,1540,46,1232,186,0,5278,2933,663,2777
95,11110,Koshi,Jhapa,Jhapa Rural Municipality,39302,418,74.6,8515,4.615619495,5295,1694,69,1071,358,2,4530,3565,691,3369
96,11111,Koshi,Jhapa,Barhadashi Rural Municipality,37946,429,79.2,9035,4.199889319,5207,3257,37,29,499,1,3320,5042,599,4794
97,11112,Koshi,Jhapa,Birtamod Municipality,116192,1485,87.1,29852,3.892268525,4955,24138,133,8,603,0,2486,23592,683,25438
98,11113,Koshi,Jhapa,Haldibari Rural Municipality,32722,279,81.3,7878,4.153592282,3780,3746,70,1,279,0,1925,5305,395,4688
99,11114,Koshi,Jhapa,Bhadrapur Municipality,70913,736,82.5,17329,4.092157655,5352,11617,99,32,218,0,3094,12561,907,12529
100,11115,Koshi,Jhapa,Kachanakawal Rural Municipality,41317,377,74,9946,4.154132314,7156,1806,53,632,290,1,5430,4024,1025,4130
101,11201,Koshi,Morang,Miklajung Rural Municipality,33167,209,82.9,8309,3.991695752,5372,2793,21,1,115,2,3487,4359,426,3041
102,11202,Koshi,Morang,Letang Municipality,38152,174,82.5,9357,4.077375227,4970,4271,23,5,73,10,3752,5170,691,3250
103,11203,Koshi,Morang,Kerabari Rural Municipality,34504,157,81.1,8573,4.0247288,5369,3065,24,15,91,7,4521,3848,812,2008
104,11204,Koshi,Morang,Sundarharaicha Municipality,120213,1091,82.9,29826,4.030476765,5261,23663,160,15,722,1,4136,23738,995,22700
105,11205,Koshi,Morang,Belbari Municipality,81771,616,79.6,20459,3.996822914,7542,12119,144,37,611,1,5214,14143,805,12343
106,11206,Koshi,Morang,Kanepokhari Rural Municipality,43193,521,77.8,10663,4.050736191,5256,4661,71,112,549,4,3955,6314,195,4649
107,11207,Koshi,Morang,Pathari Shanishchare Municipality,72451,908,81.5,17980,4.029532814,6604,10943,117,27,285,0,5388,11859,544,10114
108,11208,Koshi,Morang,Urlabari Municipality,70908,950,84.8,17650,4.017450425,3796,13408,102,12,325,0,2647,13497,365,12721
109,11209,Koshi,Morang,Ratuwamai Municipality,61139,430,75.2,14508,4.214157706,8498,4392,93,855,424,3,7963,5820,1196,5617
110,11210,Koshi,Morang,Sunwarshi Municipality,56034,527,68,12684,4.41769158,7732,1579,86,2653,221,1,8714,3499,852,3991
111,11211,Koshi,Morang,Rangeli Municipality,57494,514,71.7,13206,4.353627139,7750,2819,92,1913,497,6,8174,4305,1643,4590
112,11212,Koshi,Morang,Gramthan Rural Municipality,36024,501,72.6,9377,3.841740429,4793,3193,38,1064,279,0,4406,4401,1304,4236
113,11213,Koshi,Morang,Budhiganga Rural Municipality,51497,913,75.9,12360,4.166423948,5082,6729,76,334,133,1,4614,7001,1131,6994
114,11214,Koshi,Morang,Biratnagar Metropolitian City,243927,3168,83.6,56919,4.285510989,9270,45657,445,1297,221,6,11173,39062,4118,44158
115,11215,Koshi,Morang,Katahari Rural Municipality,48510,940,71.2,10495,4.622201048,5294,4531,54,481,67,4,5639,4199,708,4639
116,11216,Koshi,Morang,Dhanapalthan Rural Municipality,45348,645,67.9,9925,4.56906801,6318,975,54,2505,43,1,7251,2289,1151,2926
117,11217,Koshi,Morang,Jahada Rural Municipality,47639,764,67.2,9869,4.827135475,4148,564,48,4602,25,0,7992,1607,695,2107
118,11301,Koshi,Sunsari,Dharan Sub-Metropolitian City,166531,866,87.4,42396,3.927988489,5132,36819,136,8,242,22,4583,34880,1955,30786
119,11302,Koshi,Sunsari,Baraha Municipality,91087,410,77.9,21827,4.173134192,11282,9819,127,323,268,3,8994,11930,1532,9382
120,11303,Koshi,Sunsari,Koshi Rural Municipality,48804,642,66,9169,5.322717854,5070,580,147,3245,30,1,6351,2299,616,2910
121,11304,Koshi,Sunsari,Bhokraha Rural Municipality,49280,778,67,8932,5.517241379,6185,436,81,2196,21,2,5984,2368,1293,2830
122,11305,Koshi,Sunsari,Ramdhuni Municipality,63452,692,77.4,15644,4.055995909,7348,7752,99,114,322,2,6403,8630,1220,8356
123,11306,Koshi,Sunsari,Itahari Sub-Metropolitian City,197241,2103,85.3,50350,3.917398213,7695,41722,340,425,143,6,6837,39591,1995,41858
124,11307,Koshi,Sunsari,Duhabi Municipality,66074,862,73.2,15030,4.396141051,6211,6451,127,2180,39,2,7333,6821,1350,7116
125,11308,Koshi,Sunsari,Gadhi Rural Municipality,38739,572,70.8,8565,4.522942207,4727,1248,197,2296,22,1,6237,1609,1051,2154
126,11309,Koshi,Sunsari,Inaruwa Municipality,74914,961,75.3,16029,4.673654002,7709,6741,250,1147,165,3,7450,7598,1490,8157
127,11310,Koshi,Sunsari,Harinagara Rural Municipality,49845,953,70.3,8738,5.704394598,3716,668,56,4267,21,0,5529,2863,141,3630
128,11311,Koshi,Sunsari,Dewangunj Rural Municipality,39030,729,66.7,7805,5.000640615,4769,535,69,2421,7,0,5647,1829,312,2713
129,11312,Koshi,Sunsari,Barju Rural Municipality,36249,522,68.5,7922,4.57573845,4443,996,129,2285,63,2,6094,1464,525,1892
130,11401,Koshi,Udayapur,Belaka Municipality,51043,148,77.5,12158,4.198305642,9818,2130,91,5,106,0,7161,4575,1295,2285
131,11402,Koshi,Udayapur,Chaudandigadhi Municipality,53631,189,77.7,12703,4.221916083,9263,3195,84,3,148,1,6883,5244,1161,3622
132,11403,Koshi,Udayapur,Triyuga Municipality,102725,188,80,25623,4.009093393,13322,11685,502,7,92,9,8281,15908,2769,15987
133,11404,Koshi,Udayapur,Rautamai Rural Municipality,20324,100,74.6,4572,4.445319335,4161,397,4,0,2,6,3605,808,3338,691
134,11405,Koshi,Udayapur,Sunkoshi Rural Municipality,9689,91,73,2227,4.350696004,2118,87,1,0,11,10,2059,79,2128,65
135,11406,Koshi,Udayapur,Tapli Rural Municipality,13344,112,74.7,2862,4.662473795,2733,124,0,1,2,2,2633,102,2580,128
136,11407,Koshi,Udayapur,Katari Municipality,59507,140,74.6,14106,4.218559478,8969,4965,65,3,90,11,7473,5901,4441,5243
137,11408,Koshi,Udayapur,Udayapurgadhi Rural Municipality,28926,107,74,6800,4.253823529,6181,581,8,2,17,9,5218,1309,2843,805
138,20101,Madhesh,Saptari,Saptakoshi Municipality,23510,390,74.2,5218,4.505557685,3967,1133,30,18,68,0,2927,1989,1021,1858
139,20102,Madhesh,Saptari,Kanchanrup Municipality,58466,498,67.3,12535,4.664220183,8450,2276,53,1672,74,2,7351,4673,1686,4860
140,20103,Madhesh,Saptari,Agnisair Krishna Sabaran Rural Municipality,31634,307,69.1,6581,4.806868257,5211,618,71,524,147,0,3995,2186,917,2544
141,20104,Madhesh,Saptari,Rupani Rural Municipality,29877,533,66.4,6324,4.724383302,4342,660,39,1278,3,0,3800,2107,430,2674
142,20105,Madhesh,Saptari,Shambhunath Municipality,39634,365,67.1,8679,4.566655145,6276,825,70,1440,53,2,5264,3077,429,4093
143,20106,Madhesh,Saptari,Khadak Municipality,52778,545,69.6,11069,4.768091065,6935,1331,71,2683,14,0,5854,4832,550,6211
144,20107,Madhesh,Saptari,Surunga Municipality,49460,462,67.7,10487,4.716315438,7578,1061,75,1703,57,2,6334,3787,793,4621
145,20108,Madhesh,Saptari,Balan-Bihul Rural Municipality,23527,712,63.8,4948,4.754850445,1746,327,43,2814,13,1,3702,1116,237,2021
146,20109,Madhesh,Saptari,BodeBarsain Municipality,46017,781,68,9722,4.733285332,4278,937,80,4408,14,0,6520,2862,609,4581
147,20110,Madhesh,Saptari,Dakneshwori Municipality,47739,691,67.9,10002,4.772945411,4529,651,52,4726,27,0,7077,2501,778,3919
148,20111,Madhesh,Saptari,Belhi Chapena Rural Municipality,32462,677,62.2,6675,4.863220974,2425,217,42,3936,48,1,5195,1179,409,2109
149,20112,Madhesh,Saptari,Bishnupur Rural Municipality,27703,757,68.4,5465,5.069167429,2187,540,81,2647,7,1,3607,1620,663,2321
150,20113,Madhesh,Saptari,Rajbiraj Municipality,70803,1273,76.6,14133,5.009764381,4855,6213,84,2760,92,3,5713,7485,1849,8288
151,20114,Madhesh,Saptari,Mahadewa Rural Municipality,30315,867,59.9,6279,4.827998089,2785,376,75,3014,21,7,4549,1324,667,1587
152,20115,Madhesh,Saptari,Tirahut Rural Municipality,24034,636,62.4,5116,4.69781079,3660,249,36,1162,6,2,3713,1046,485,1102
153,20116,Madhesh,Saptari,Hanumannagar Kankalini Municipality,52796,447,65.3,10645,4.959699389,6963,915,67,2682,11,3,7389,2716,1219,3185
154,20117,Madhesh,Saptari,Tilathi Koiladi Rural Municipality,33658,1023,64.9,6768,4.973108747,3066,421,59,3217,3,0,4769,1703,382,2439
155,20118,Madhesh,Saptari,Chhinnamasta Rural Municipality,29946,774,64,6170,4.853484603,1742,332,49,4031,14,0,4715,1205,432,2320
156,20201,Madhesh,Siraha,Lahan Municipality,102031,610,69.2,20577,4.958497351,11822,6603,126,1892,110,3,10542,8881,1963,11008
157,20202,Madhesh,Siraha,Dhangadhimai Municipality,53355,334,69.3,10842,4.921140011,7660,2172,34,882,84,1,6334,4035,777,4935
158,20203,Madhesh,Siraha,Golbazar Municipality,63885,571,67.5,13133,4.864463565,8851,3902,65,177,133,4,6442,5922,1192,7397
159,20204,Madhesh,Siraha,Mirchaiya Municipality,59425,646,66.1,12250,4.851020408,8204,3551,65,411,15,2,5670,5841,862,6693
160,20205,Madhesh,Siraha,Karjanha Municipality,38557,502,61.8,8289,4.65158644,5519,2280,78,293,112,3,4868,2976,1057,3371
161,20206,Madhesh,Siraha,Kalyanpur Municipality,58872,766,61,11835,4.974397972,7187,2598,130,1856,60,0,7039,3985,1044,5463
162,20207,Madhesh,Siraha,Naraha Rural Municipality,22760,777,60.9,4373,5.20466499,2773,436,27,1123,10,0,3172,970,1145,1688
163,20208,Madhesh,Siraha,Bishnupur Rural Municipality,22781,865,68.4,4566,4.989268506,2683,863,30,981,6,1,3028,1232,106,2158
164,20209,Madhesh,Siraha,Arnama Rural Municipality,27899,739,66.1,5179,5.386947287,3555,441,13,1137,31,0,3665,1249,502,2211
165,20210,Madhesh,Siraha,Sukhipur Municipality,42033,767,63.5,8321,5.051436125,4579,1219,99,2357,62,0,5411,2354,906,4092
166,20211,Madhesh,Siraha,Laxmipur Patari Rural Municipality,31118,735,64.8,6044,5.148577101,3328,881,31,1795,6,0,4391,1422,593,2673
167,20212,Madhesh,Siraha,Sakhuwa Nankarkatti Rural Municipality,20844,635,66.5,4236,4.920679887,1735,387,33,2071,8,0,2918,1122,136,1920
168,20213,Madhesh,Siraha,Bhagawanpur Rural Municipality,23380,708,65.2,4606,5.075987842,2434,430,41,1686,6,0,3336,997,418,1956
169,20214,Madhesh,Siraha,Nawarajpur Rural Municipality,20788,646,57.7,4226,4.919072409,1773,165,73,2201,9,3,3284,756,453,1875
170,20215,Madhesh,Siraha,Bariyarpatti Rural Municipality,29712,788,67.1,5686,5.225466057,2966,522,69,2091,18,2,4171,1110,451,2800
171,20216,Madhesh,Siraha,Aurahi Rural Municipality,26478,738,63.8,5469,4.841470104,3104,400,64,1888,7,0,4284,980,806,2138
172,20217,Madhesh,Siraha,Siraha Municipality,95410,1013,63,18917,5.043611566,8697,6336,135,3694,34,0,10570,7625,1213,10627
173,20301,Madhesh,Dhanusa,Ganeshman Charnath Municipality,44082,180,64.9,9167,4.80877059,6362,2250,40,403,93,2,5473,3223,1348,3325
174,20302,Madhesh,Dhanusa,Dhanushadham Municipality,52024,568,60.5,10588,4.913486966,7068,2748,45,673,35,1,6584,3630,622,4065
175,20303,Madhesh,Dhanusa,Mithila Municipality,48676,259,72.5,10656,4.567942943,6898,3601,23,19,103,9,4739,5448,1178,5765
176,20304,Madhesh,Dhanusa,Bateshwor Rural Municipality,21742,687,68.7,4647,4.678717452,3384,1128,10,102,18,1,2648,1812,513,2122
177,20305,Madhesh,Dhanusa,Chhireshwornath Municipality,51075,1004,60.5,10733,4.758688158,5499,4302,64,788,15,0,4963,4664,1027,5868
178,20306,Madhesh,Dhanusa,Laxminiya Rural Municipality,31881,1040,61.6,6301,5.059673068,2919,2368,38,960,2,2,3015,2691,688,3505
179,20307,Madhesh,Dhanusa,Mithila Bihari Municipality,38273,1018,63.1,7654,5.000391952,4180,2150,67,1239,8,1,4409,2891,563,3802
180,20308,Madhesh,Dhanusa,Hansapur Municipality,44949,923,62.5,8890,5.056130484,5226,1944,86,1425,48,1,5472,3024,688,4164
181,20309,Madhesh,Dhanusa,Sabaila Municipality,62282,966,59.3,12340,5.047163695,7460,3981,83,751,59,0,7477,4330,1068,5077
182,20310,Madhesh,Dhanusa,Shahidnagar Municipality,53812,938,57.8,11124,4.837468536,5448,2353,105,3189,23,1,7512,2817,1324,4307
183,20311,Madhesh,Dhanusa,Kamala Municipality,44597,677,56.1,8979,4.966811449,5137,1020,79,2498,52,1,6394,2163,956,3123
184,20312,Madhesh,Dhanusa,Janak Nandini Rural Municipality,27146,983,56.8,5379,5.046662949,2861,1213,63,1230,9,1,3054,2042,343,2562
185,20313,Madhesh,Dhanusa,Bideha Municipality,37697,828,61.8,7671,4.914222396,5047,1735,34,831,17,0,4794,2629,633,3712
186,20314,Madhesh,Dhanusa,Aurahi Rural Municipality,24053,941,63.8,4793,5.018360108,2235,1641,34,874,2,0,2803,1786,909,2618
187,20315,Madhesh,Dhanusa,Janakpur Sub-Metropolitian City,194556,2115,76.6,40409,4.814669999,9047,29257,244,1679,69,4,8871,28569,2058,33670
188,20316,Madhesh,Dhanusa,Dhanauji Rural Municipality,21942,992,62.6,4408,4.977767695,2191,1131,20,1048,16,0,2409,1680,445,2506
189,20317,Madhesh,Dhanusa,Nagarain Municipality,38037,975,62.7,7921,4.802045196,3730,2228,87,1847,8,1,5085,2475,558,4205
190,20318,Madhesh,Dhanusa,Mukhiyapatti Musaharmiya Rural Municipality,28208,1051,54.6,5431,5.193886945,2907,1263,28,1212,2,3,3848,1351,358,2439
191,20401,Madhesh,Mahottari,Bardibas Municipality,74361,236,72.5,16824,4.419935806,8924,7367,28,54,450,1,6945,9046,1468,8968
192,20402,Madhesh,Mahottari,Gaushala Municipality,72481,501,61,14446,5.017375052,10750,3390,49,164,72,6,8730,4692,1083,5862
193,20403,Madhesh,Mahottari,Sonama Rural Municipality,43082,746,56.1,7602,5.667192844,6484,727,17,265,88,1,5451,1828,465,2574
194,20404,Madhesh,Mahottari,Aurahi Municipality,37361,1045,55.7,7042,5.305452996,5093,1447,12,402,77,4,4645,1906,616,2661
195,20405,Madhesh,Mahottari,Bhangaha Municipality,55354,717,57.2,10915,5.071369675,7893,2149,48,646,90,3,7593,2710,667,3493
196,20406,Madhesh,Mahottari,Loharpatti Municipality,45773,914,56.1,9133,5.011825249,5238,2870,44,969,4,4,5367,3220,900,4417
197,20407,Madhesh,Mahottari,Balawa Municipality,49473,1123,51.9,9437,5.242449931,6012,2157,56,1086,122,1,5855,3035,1071,4480
198,20408,Madhesh,Mahottari,Ram Gopalpur Municipality,36201,916,56.1,6606,5.480018165,4432,1506,42,559,5,1,4582,1656,695,2671
199,20409,Madhesh,Mahottari,Samsi Rural Municipality,38585,1789,51.2,6815,5.661775495,4998,1031,31,734,2,0,4971,1558,311,2608
200,20410,Madhesh,Mahottari,Manara Shisawa Municipality,52191,1049,58.9,10050,5.193134328,6043,2128,123,1522,198,1,6878,2635,532,4724
201,20411,Madhesh,Mahottari,Ekadara Rural Municipality,31770,1324,58.7,5938,5.350286292,4417,836,44,608,27,2,4406,1203,384,2083
202,20412,Madhesh,Mahottari,Mahottari Rural Municipality,28807,1026,60.4,5687,5.065412344,3642,1300,31,664,46,3,3454,2023,462,2534
203,20413,Madhesh,Mahottari,Pipara Rural Municipality,40535,1014,60.4,8302,4.88255842,4197,3396,62,627,4,13,5001,2991,735,4557
204,20414,Madhesh,Mahottari,Matihani Municipality,36136,1245,57.5,6709,5.386197645,3767,1734,24,1082,34,0,4268,2176,331,3799
205,20415,Madhesh,Mahottari,Jaleshwor Municipality,63802,1442,67.6,12380,5.153634895,6333,5181,106,676,56,2,6378,5250,803,7380
206,20501,Madhesh,Sarlahi,Lalbandi Municipality,66419,278,73.7,14873,4.465743293,6580,7681,59,15,530,3,6063,7982,1568,8331
207,20502,Madhesh,Sarlahi,Hariwan Municipality,49988,748,71,10740,4.654376164,3712,6775,78,20,147,2,4292,5646,555,6055
208,20503,Madhesh,Sarlahi,Bagmati Municipality,47106,466,68.6,10768,4.374628529,5566,4776,30,29,346,0,4920,5443,747,5390
209,20504,Madhesh,Sarlahi,Barahathawa Municipality,81120,758,60.8,15343,5.28710161,10509,4340,96,241,77,0,10188,4438,1359,5784
210,20505,Madhesh,Sarlahi,Haripur Municipality,43233,502,60.3,8350,5.17760479,6282,1971,60,10,25,1,5305,2547,841,3507
211,20506,Madhesh,Sarlahi,Ishworpur Municipality,68377,417,63.7,13521,5.057096369,10238,2974,33,26,238,3,8378,4457,1530,4999
212,20507,Madhesh,Sarlahi,Haripurwa Municipality,38714,1269,53.9,7140,5.422128852,6045,677,102,277,27,6,5063,1452,883,2626
213,20508,Madhesh,Sarlahi,Parsa Rural Municipality,24005,1038,58.2,4487,5.34989971,3544,696,36,128,38,1,3186,1071,497,1904
214,20509,Madhesh,Sarlahi,Brahmapuri Rural Municipality,31378,926,54.3,5939,5.283381041,5013,711,29,172,11,0,4244,1436,825,2398
215,20510,Madhesh,Sarlahi,Chandranagar Rural Municipality,36908,777,54.6,6713,5.497988977,5895,720,45,21,22,0,5238,1146,959,1997
216,20511,Madhesh,Sarlahi,Kabilashi Municipality,44204,919,53.2,8130,5.437146371,5592,1436,71,1012,12,3,6052,1642,768,3658
217,20512,Madhesh,Sarlahi,Chakraghatta Rural Municipality,29550,1174,55.4,5039,5.864258782,3746,782,89,381,28,3,3933,727,679,1705
218,20513,Madhesh,Sarlahi,Basbariya Rural Municipality,25905,881,51,4586,5.648713476,3616,271,46,591,54,0,3874,523,328,1049
219,20514,Madhesh,Sarlahi,Dhanakaul Rural Municipality,27974,609,48.1,5112,5.472222222,4008,387,25,620,43,0,4573,397,230,1221
220,20515,Madhesh,Sarlahi,Ramnagar Rural Municipality,31366,1186,54.2,5377,5.83336433,3696,702,55,904,13,0,4573,577,361,1643
221,20516,Madhesh,Sarlahi,Balara Municipality,47912,987,54.5,8622,5.556947344,6878,1291,78,316,39,0,7163,1014,372,3391
222,20517,Madhesh,Sarlahi,Godaita Municipality,54270,1116,60.1,9303,5.833602064,7315,1590,86,251,58,1,7342,1461,842,3461
223,20518,Madhesh,Sarlahi,Bishnu Rural Municipality,28570,1017,53.7,5272,5.419195751,3721,1136,79,235,33,0,4355,602,508,1936
224,20519,Madhesh,Sarlahi,Kaudena Rural Municipality,28702,1133,51.3,5476,5.241417093,3688,715,57,1009,1,1,4357,779,654,2166
225,20520,Madhesh,Sarlahi,Malangawa Municipality,54550,1792,68.2,10033,5.43705771,4076,5258,110,530,16,0,4178,4756,1534,7028
226,20601,Madhesh,Rautahat,Chandrapur Municipality,81807,327,70.9,16820,4.863674197,9219,7131,150,24,283,11,7240,8699,1451,8386
227,20602,Madhesh,Rautahat,Gujara Municipality,54033,359,61.8,9575,5.643133159,8005,1394,58,50,59,0,6591,2336,997,3213
228,20603,Madhesh,Rautahat,Phatuwa Bijayapur Municipality,42218,647,54.7,7354,5.740821322,5177,1379,169,344,279,4,5461,1506,677,2242
229,20604,Madhesh,Rautahat,Katahariya Municipality,45821,1126,55.9,7642,5.99594347,5783,1569,70,65,141,14,5689,1373,727,2738
230,20605,Madhesh,Rautahat,Brindaban Municipality,49742,521,54.3,8142,6.109309752,5672,2323,68,43,27,1,6022,1613,909,3199
231,20606,Madhesh,Rautahat,Gadhimai Municipality,49135,994,53.2,7787,6.309875433,5176,1663,107,523,311,1,5700,1385,920,2712
232,20607,Madhesh,Rautahat,Madhav Narayan Municipality,40894,843,56.4,7020,5.825356125,3958,1277,57,1493,221,0,5408,1155,337,2806
233,20608,Madhesh,Rautahat,Garuda Municipality,60857,1369,57.6,9862,6.170857838,4575,3728,150,1368,28,0,6234,2754,1651,4769
234,20609,Madhesh,Rautahat,Dewahi Gonahi Municipality,38690,1138,50.7,6222,6.218257795,4064,1456,148,510,18,18,4610,990,579,2428
235,20610,Madhesh,Rautahat,Maulapur Municipality,32325,930,56.4,5268,6.136104784,3795,1273,69,103,24,0,3792,1224,1080,2192
236,20611,Madhesh,Rautahat,Boudhimai Municipality,39325,1113,54.9,6078,6.470055939,3409,1793,112,667,95,0,4264,1304,1596,2708
237,20612,Madhesh,Rautahat,Paroha Municipality,45702,1220,55,7024,6.506548975,4498,1201,53,1142,69,0,5110,1348,1742,2999
238,20613,Madhesh,Rautahat,Rajpur Municipality,54083,1722,46.9,8078,6.695097796,5108,1275,75,1406,34,2,6244,1401,2769,3011
239,20614,Madhesh,Rautahat,Yamunamai Rural Municipality,28414,1701,51.9,4711,6.031415835,3024,692,30,878,79,6,3633,881,995,1884
240,20615,Madhesh,Rautahat,Durga Bhagawati Rural Municipality,22864,1155,61.1,4124,5.544131911,2723,1087,79,234,1,0,2835,1041,675,1912
241,20616,Madhesh,Rautahat,Rajdevi Municipality,35658,1264,61.3,6146,5.801822323,3098,1327,41,1515,44,0,4924,1037,296,2419
242,20617,Madhesh,Rautahat,Gaur Municipality,39846,1851,69.5,7235,5.50739461,2848,4079,105,192,4,1,2728,3735,952,5118
243,20618,Madhesh,Rautahat,Ishanath Municipality,51855,1474,56.5,7937,6.533324934,5437,1222,146,1083,31,3,5337,1811,2411,3878
244,20701,Madhesh,Bara,Nijagadh Municipality,37687,130,73.8,8424,4.473765432,4052,4168,27,5,169,2,2804,5222,781,4533
245,20702,Madhesh,Bara,Kolhabi Municipality,51182,325,65.7,10561,4.846321371,8388,1845,81,7,239,1,6241,3771,792,4257
246,20703,Madhesh,Bara,Jitpur Simara Sub-Metropolitian City,127307,408,71.7,25650,4.963235867,10631,14132,233,332,298,12,7870,15987,1915,16968
247,20704,Madhesh,Bara,Parawanipur Rural Municipality,24745,1599,66.1,3972,6.229859013,1608,2284,50,10,13,5,1373,2110,276,2695
248,20705,Madhesh,Bara,Prasauni Rural Municipality,25414,1256,67.3,3968,6.404737903,1985,1916,20,42,3,1,1664,2048,283,2369
249,20706,Madhesh,Bara,Bishrampur Rural Municipality,24892,1257,64.6,3886,6.405558415,2362,1487,21,13,2,0,2007,1626,216,2179
250,20707,Madhesh,Bara,Pheta Rural Municipality,28395,1201,64.4,4202,6.75749643,2648,1395,121,27,8,3,1997,1693,791,2486
251,20708,Madhesh,Bara,Kalaiya Sub-Metropolitian City,136222,1250,68.1,22125,6.156926554,12680,8877,350,63,148,3,9881,10090,1865,13312
252,20709,Madhesh,Bara,Karaiyamai Rural Municipality,29165,612,65.2,5051,5.774104138,3983,787,34,207,32,0,3412,1326,424,1817
253,20710,Madhesh,Bara,Baragadhi Rural Municipality,29555,752,60.1,4940,5.982793522,4317,478,113,21,11,0,3230,1235,523,1832
254,20711,Madhesh,Bara,Aadarsha Kotwal Rural Municipality,31364,865,51.9,4888,6.416530278,3526,513,92,695,53,9,3525,916,956,1690
255,20712,Madhesh,Bara,Simroungadh Municipality,54878,1287,57.5,8531,6.432774587,6079,1844,84,435,35,3,5996,1887,2644,3704
256,20713,Madhesh,Bara,Pacharauta Municipality,40524,921,59.2,6167,6.571104265,4521,518,105,1002,6,0,4392,1207,1907,2357
257,20714,Madhesh,Bara,Mahagadhimai Municipality,59424,1074,61.5,9761,6.08790083,5765,3249,152,541,21,1,5581,3246,991,4791
258,20715,Madhesh,Bara,Devtal Rural Municipality,25361,1088,59.1,3980,6.372110553,2427,983,31,516,5,15,2806,922,471,1498
259,20716,Madhesh,Bara,Subarna Rural Municipality,35141,954,47.3,5073,6.927064853,3643,562,93,751,23,0,3679,1037,1874,1790
260,20801,Madhesh,Parsa,Thori Rural Municipality,17219,134,71,4452,3.86769991,2770,1664,2,3,9,1,2028,2213,525,1920
261,20802,Madhesh,Parsa,Jirabhawani Rural Municipality,22677,409,61.3,4871,4.655512215,4478,329,17,6,41,0,3562,1030,345,1333
262,20803,Madhesh,Parsa,Jagarnathpur Rural Municipality,32649,721,62.7,5582,5.848978861,4040,1133,64,324,21,0,4099,1091,162,1819
263,20804,Madhesh,Parsa,Paterwa Sugauli Rural Municipality,25498,397,62.4,4753,5.364611824,4160,530,25,5,30,1,3597,989,457,1312
264,20805,Madhesh,Parsa,Sakhuwa Prasauni Rural Municipality,35399,477,61.8,6295,5.623351867,5295,902,26,6,63,3,4621,1319,146,1625
265,20806,Madhesh,Parsa,Parsagadhi Municipality,41569,417,64.5,7632,5.446671908,6303,1184,44,5,91,4,5268,1823,799,2247
266,20807,Madhesh,Parsa,Birgunj Metropolitian City,272382,2062,76,47114,5.78133888,11020,35580,343,70,73,15,10334,32147,2205,37244
267,20808,Madhesh,Parsa,Bahudarmai Municipality,43478,1378,63.4,6957,6.249532845,4041,2738,74,17,84,2,4201,2228,708,3030
268,20809,Madhesh,Parsa,Pokhariya Municipality,37675,1160,64.4,6076,6.200625411,4178,1505,71,309,12,0,4071,1660,481,2319
269,20810,Madhesh,Parsa,Kalikamai Rural Municipality,23480,965,66.5,3697,6.351095483,2738,886,63,5,1,1,2192,1188,458,1787
270,20811,Madhesh,Parsa,Dhobini Rural Municipality,22606,926,64.9,3499,6.460703058,2582,890,6,17,3,1,2205,1138,267,1652
271,20812,Madhesh,Parsa,Chhipaharmai Rural Municipality,29082,1168,62.6,4663,6.236757452,3035,1330,57,236,5,0,3125,1143,208,2083
272,20813,Madhesh,Parsa,Pakaha Mainpur Rural Municipality,22585,1062,64.4,3530,6.398016997,2621,737,53,83,10,22,2380,988,393,1345
273,20814,Madhesh,Parsa,Bindabasini Rural Municipality,24991,960,66.3,3892,6.421120247,2880,988,8,16,0,0,2306,1442,112,1988
274,30101,Bagmati,Dolakha,Gaurishankar Rural Municipality,15995,23,70.4,4399,3.636053649,4246,140,1,0,8,1,2271,1790,3309,1024
275,30102,Bagmati,Dolakha,Bigu Rural Municipality,16490,25,68.1,4747,3.473772909,4177,561,2,0,5,2,2560,1974,3358,1249
276,30103,Bagmati,Dolakha,Kalinchowk Rural Municipality,21097,159,72,6151,3.429848805,5522,612,0,0,16,1,3439,2482,4026,1903
277,30104,Bagmati,Dolakha,Baitedhar Rural Municipality,17896,223,72.8,5373,3.330727713,4717,649,1,0,5,1,730,4414,1309,3934
278,30105,Bagmati,Dolakha,Jiri Municipality,16109,76,72.4,4244,3.795711593,3396,822,3,0,21,2,933,3175,1747,2089
279,30106,Bagmati,Dolakha,Tamakoshi Rural Municipality,15163,99,74,4485,3.380824972,4019,335,2,0,127,2,581,3758,1516,2912
280,30107,Bagmati,Dolakha,Melung Rural Municipality,15893,184,65.2,4796,3.313803169,4563,227,0,0,6,0,2721,1934,3315,1426
281,30108,Bagmati,Dolakha,Shailung Rural Municipality,17923,139,69.2,5134,3.491040125,4713,412,3,0,5,0,2715,2270,3457,1580
282,30109,Bagmati,Dolakha,Bhimeshwor Municipality,32712,262,78.1,10164,3.218417946,5957,4044,12,0,144,1,1877,7917,2147,7361
283,30201,Bagmati,Sindhupalchok,Bhotekoshi Rural Municipality,14318,51,65.4,3732,3.836548767,2704,997,4,0,19,6,877,2645,800,2331
284,30202,Bagmati,Sindhupalchok,Jugal Rural Municipality,18303,67,60.6,4528,4.042181979,4126,365,2,0,34,1,3649,628,3837,658
285,30203,Bagmati,Sindhupalchok,Panchpokhari Thangpal Rural Municipality,20997,112,57.7,5914,3.550388908,4685,1151,7,0,54,16,2066,3535,2242,3461
286,30204,Bagmati,Sindhupalchok,Helambu Rural Municipality,17497,61,63.5,4690,3.730703625,3992,682,4,0,4,8,1361,3065,1898,2563
287,30205,Bagmati,Sindhupalchok,Melanchi Municipality,41063,260,69.9,11180,3.672898032,8976,2131,10,1,35,26,2978,7581,3498,7306
288,30206,Bagmati,Sindhupalchok,Indrawoti Rural Municipality,25365,241,69.2,6780,3.741150442,5470,1221,5,1,54,27,1443,5017,2035,4521
289,30207,Bagmati,Sindhupalchok,Choutara Sangachowkgadhi Municipality,42668,282,69.5,11590,3.681449525,8839,2693,15,4,30,4,3236,7746,4152,7089
290,30208,Bagmati,Sindhupalchok,Balephi Rural Municipality,17085,277,72.1,4829,3.537999586,3469,1315,4,0,41,0,1516,3056,2074,2653
291,30209,Bagmati,Sindhupalchok,Bahrabise Municipality,24109,249,70.8,6655,3.622689707,5021,1617,5,0,9,3,2217,4092,2551,3792
292,30210,Bagmati,Sindhupalchok,Tripurasundari Rural Municipality,12014,127,74.1,3651,3.290605314,3255,393,1,0,1,1,1735,1777,1768,1770
293,30211,Bagmati,Sindhupalchok,Lisankhu Pakhar Rural Municipality,11750,119,67.4,3697,3.178252637,3178,513,5,0,1,0,1117,2439,1271,2335
294,30212,Bagmati,Sindhupalchok,Sunkoshi Rural Municipality,15176,208,71.4,4451,3.409570883,3867,575,3,0,2,4,1002,3270,1320,3042
295,30301,Bagmati,Rasuwa,Gosaikunda Rural Municipality,7788,8,68.9,2038,3.821393523,814,1211,13,0,0,0,510,1132,383,1149
296,30302,Bagmati,Rasuwa,Parbatikunda Rural Municipality,6673,11,73.2,1664,4.010216346,1362,296,0,0,2,2,342,534,758,501
297,30303,Bagmati,Rasuwa,Uttargaya Rural Municipality,8555,82,71.8,2188,3.909963437,1336,835,3,0,13,1,402,1714,461,1504
298,30304,Bagmati,Rasuwa,Kalika Rural Municipality,10115,53,71.9,2447,4.13363302,1665,776,0,0,4,0,576,1775,584,1820
299,30305,Bagmati,Rasuwa,Naukunda Rural Municipality,12344,97,61.5,2794,4.418038654,2388,399,1,0,6,0,1646,1024,1877,872
300,30401,Bagmati,Dhading,Rubi Valley Rural Municipality,10781,27,58.7,2649,4.069837675,2595,50,0,0,3,0,1337,541,1895,724
301,30402,Bagmati,Dhading,Khaniyabas Rural Municipality,10287,85,59.6,2685,3.831284916,2556,126,1,0,2,0,1742,879,2217,455
302,30403,Bagmati,Dhading,Ganga Jamuna Rural Municipality,19265,126,67.8,5264,3.659764438,4491,714,6,0,47,5,1447,3678,3537,1653
303,30404,Bagmati,Dhading,Tripurasundari Rural Municipality,21937,81,74.1,5947,3.688750631,3440,2383,33,0,90,1,1052,4644,1565,4143
304,30405,Bagmati,Dhading,Netrawati Rural Municipality,11310,62,67.6,3263,3.466135458,2516,741,0,0,4,0,836,2332,1447,1669
305,30406,Bagmati,Dhading,Nilkhantha Municipality,58828,298,75.8,16391,3.589042767,7585,8457,33,1,277,29,3082,12591,5091,11024
306,30407,Bagmati,Dhading,Jwalamukhi Rural Municipality,21338,187,67.3,6079,3.510116796,3749,1955,14,0,343,14,2828,2921,3625,2361
307,30408,Bagmati,Dhading,Siddhalek Rural Municipality,22214,209,71.9,5836,3.806374229,3619,2040,17,5,106,47,1803,3787,2606,3106
308,30409,Bagmati,Dhading,Benighat Rorang Rural Municipality,33854,164,74.4,7601,4.453887646,4532,2984,22,0,53,4,3905,3400,4051,3304
309,30410,Bagmati,Dhading,Gajuri Rural Municipality,28634,207,72.9,6839,4.186869425,4078,2712,8,0,30,7,2798,3815,2992,3597
310,30411,Bagmati,Dhading,Galchhi Rural Municipality,23733,184,73,5975,3.972050209,3706,2202,8,1,52,2,1573,4048,2003,3785
311,30412,Bagmati,Dhading,Thakre Rural Municipality,32374,336,74.3,7847,4.125653116,4668,3055,8,1,113,2,1848,5454,1749,5658
312,30413,Bagmati,Dhading,Dhunibenshi Municipality,29149,303,75.4,7246,4.022771184,4210,2883,13,1,126,11,1767,5164,1330,5257
313,30501,Bagmati,Nuwakot,Dupcheshwor Rural Municipality,21005,160,62.7,5141,4.085780976,4614,514,7,0,4,2,3718,1224,3663,1420
314,30502,Bagmati,Nuwakot,Tadi Rural Municipality,15933,228,60.9,4024,3.959493042,3181,824,3,0,15,1,1900,1972,1869,1980
315,30503,Bagmati,Nuwakot,Suryagadhi Rural Municipality,14919,303,66.5,3829,3.896317576,2670,1151,6,0,1,1,855,2735,1094,2673
316,30504,Bagmati,Nuwakot,Bidur Municipality,59227,456,77.1,15234,3.887816726,6232,8840,35,5,112,5,2050,12602,2324,12415
317,30505,Bagmati,Nuwakot,Kispang Rural Municipality,14235,172,66,3929,3.623059303,2925,992,0,0,10,2,1034,2754,1208,2655
318,30506,Bagmati,Nuwakot,Meghang Rural Municipality,12668,129,61.7,3969,3.191735954,3006,959,0,0,4,0,1719,2167,2161,1746
319,30507,Bagmati,Nuwakot,Tarakeshwor Rural Municipality,14184,195,65.9,3879,3.656612529,2949,847,1,0,80,0,1586,2236,1763,2070
320,30508,Bagmati,Nuwakot,Belkotgadhi Municipality,35224,226,69,9222,3.819561917,6760,2407,8,0,42,3,2441,6315,2842,6223
321,30509,Bagmati,Nuwakot,Likhu Rural Municipality,17728,370,70.7,4582,3.869052815,2437,2028,11,19,85,2,862,3353,842,3629
322,30510,Bagmati,Nuwakot,Panchakanya Rural Municipality,13818,258,68.7,3600,3.838333333,2597,975,4,0,22,2,1402,2081,1526,2028
323,30511,Bagmati,Nuwakot,Shivapuri Rural Municipality,17203,169,62,4925,3.492994924,4403,514,2,0,5,0,2699,2061,3124,1735
324,30512,Bagmati,Nuwakot,Kakani Rural Municipality,24504,279,69.3,6312,3.882129278,3978,2314,2,0,15,1,1868,4198,1857,4181
325,30601,Bagmati,Kathmandu,Shankharapur Municipality,29318,487,79.9,7140,4.106162465,1892,5199,15,0,16,17,1778,4935,1195,5016
326,30602,Bagmati,Kathmandu,Kageshwori Manahara Municipality,130433,4764,88.4,33764,3.863079019,1059,32386,283,2,18,9,2089,26335,970,30437
327,30603,Bagmati,Kathmandu,Gokarneshwor Municipality,149366,2553,85.5,39771,3.755651103,1189,38375,139,1,33,18,1715,33252,1073,36548
328,30604,Bagmati,Kathmandu,Budhanilkhantha Municipality,177557,5102,89.7,46930,3.783443426,1347,45200,273,5,74,9,1818,39160,967,43348
329,30605,Bagmati,Kathmandu,Tokha Municipality,133755,7817,91,37025,3.612559082,893,35714,199,0,211,2,1119,30535,693,35189
330,30606,Bagmati,Kathmandu,Tarakeshwor Municipality,151479,2757,87.8,41362,3.662274552,603,40127,424,1,196,3,2205,35095,1336,37491
331,30607,Bagmati,Kathmandu,Nagarjun Municipality,115437,3867,89.2,31301,3.687965241,489,30563,229,1,4,5,1460,27368,828,28993
332,30608,Bagmati,Kathmandu,Kathmandu Metropolitian City,862400,17440,90.5,238966,3.608881598,511,235688,2522,0,0,88,6484,208939,10340,224900
333,30609,Bagmati,Kathmandu,Kirtipur Municipality,81578,5527,88.8,24150,3.377971014,144,23809,184,0,5,2,2234,20224,1179,21173
334,30610,Bagmati,Kathmandu,Chandragiri Municipality,136860,3116,87.3,35994,3.802300383,661,34899,401,2,2,4,2537,30529,1692,32227
335,30611,Bagmati,Kathmandu,Dakshinkali Municipality,26372,618,80,6489,4.064108491,1487,4971,25,0,2,0,1672,4606,1506,4681
336,30701,Bagmati,Bhaktapur,Changunarayan Municipality,88083,1399,84.3,21588,4.080183435,2160,19277,104,8,17,9,3748,16002,2560,16768
337,30702,Bagmati,Bhaktapur,Bhaktapur Municipality,79136,11486,86.9,18987,4.167904356,1254,17557,142,1,21,6,3245,13955,2919,15461
338,30703,Bagmati,Bhaktapur,Madhyapur Thimi Municipality,119756,10441,90.2,31966,3.746355503,1480,30081,339,1,33,15,2181,25098,1895,29084
339,30704,Bagmati,Bhaktapur,Suryabinayak Municipality,140085,3300,88.6,35865,3.905897114,3075,32265,259,2,232,16,3844,28342,2059,31685
340,30801,Bagmati,Lalitpur,Mahalaxmi Municipality,123116,4644,80,32106,3.834672647,1336,30220,243,3,283,7,1924,25375,1040,29532
341,30802,Bagmati,Lalitpur,Lalitpur Metropolitian City,294098,8142,90,77159,3.811583872,3370,72231,985,2,517,31,6787,60388,5192,68042
342,30803,Bagmati,Lalitpur,Godawari Municipality,97633,1016,83,24045,4.060428363,3484,20428,62,5,60,1,5497,16814,3941,17197
343,30804,Bagmati,Lalitpur,Konjyosom Rural Municipality,8989,204,73.9,2142,4.196545285,1614,521,2,0,4,0,1503,566,1534,540
344,30805,Bagmati,Lalitpur,Mahankal Rural Municipality,8122,98,80.1,1939,4.188757091,1564,342,2,0,31,0,1527,336,1486,416
345,30806,Bagmati,Lalitpur,Bagmati Rural Municipality,11353,102,71.4,2739,4.14494341,2275,446,2,8,6,2,1909,737,2034,650
346,30901,Bagmati,Kavrepalanchok,Chauri Deurali Rural Municipality,14076,144,57.8,4156,3.386910491,3805,336,6,0,5,3,3489,532,3654,476
347,30902,Bagmati,Kavrepalanchok,Bhumlu Rural Municipality,15678,172,67,2518,6.226370135,3796,707,2,0,3,10,2738,1556,3234,1201
348,30903,Bagmati,Kavrepalanchok,Mandan Deupur Municipality,30381,341,72.6,7924,3.83404846,4248,3397,10,1,256,11,1677,5950,1615,5982
349,30904,Bagmati,Kavrepalanchok,Banepa Municipality,67690,1231,82.8,16698,4.053778896,2006,14591,43,1,19,34,2101,13394,1825,14089
350,30905,Bagmati,Kavrepalanchok,Dhulikhel Municipality,33725,613,80.1,8590,3.926076834,1930,6507,19,1,100,11,2265,5746,2216,5967
351,30906,Bagmati,Kavrepalanchok,Panchkhal Municipality,35521,345,75.1,9133,3.889302529,3777,5115,23,3,207,4,2637,6144,2355,6179
352,30907,Bagmati,Kavrepalanchok,Temal Rural Municipality,16957,191,61.2,4869,3.482645307,3870,887,17,0,91,3,3971,673,4072,725
353,30908,Bagmati,Kavrepalanchok,Namobuddha Municipality,26160,256,71,7148,3.659764969,4481,2528,9,0,114,13,3997,2798,3910,2898
354,30909,Bagmati,Kavrepalanchok,Panauti Municipality,51504,436,81,12806,4.021864751,4095,8645,28,2,24,8,5046,7067,5010,7367
355,30910,Bagmati,Kavrepalanchok,Bethanchowk Rural Municipality,14959,148,71.7,3861,3.874384874,3094,742,5,1,18,0,3263,514,3367,438
356,30911,Bagmati,Kavrepalanchok,Roshi Rural Municipality,23790,135,69.5,6075,3.916049383,4858,1149,11,0,54,2,5119,792,5106,894
357,30912,Bagmati,Kavrepalanchok,Mahabharat Rural Municipality,16079,86,70.3,3174,5.065847511,3102,66,0,0,4,2,2865,143,2830,251
358,30913,Bagmati,Kavrepalanchok,Khanikhola Rural Municipality,12201,92,75.2,2398,5.087989992,2237,159,0,0,0,1,2147,167,2233,129
359,31001,Bagmati,Ramechhap,Umakunda Rural Municipality,16590,37,74.2,4113,4.033552152,3797,308,6,0,2,0,2692,1290,3758,254
360,31002,Bagmati,Ramechhap,Gokulganga Rural Municipality,17798,90,71.6,4683,3.8005552,4182,403,12,1,75,7,2369,2131,3033,1528
361,31003,Bagmati,Ramechhap,Likhu Rural Municipality,18325,147,70.2,5296,3.46015861,4842,396,4,0,49,4,3562,1471,4238,989
362,31004,Bagmati,Ramechhap,Ramechhap Municipality,24971,123,68.4,6627,3.768070017,5887,716,1,1,20,2,4703,1795,5475,1072
363,31005,Bagmati,Ramechhap,Manthali  Municipality,39695,187,71.5,10991,3.611591302,8132,2833,7,1,13,3,5566,5001,7579,3289
364,31006,Bagmati,Ramechhap,Khandadevi Rural Municipality,19312,128,62.2,5501,3.51063443,5030,462,2,0,3,2,4097,1102,4901,534
365,31007,Bagmati,Ramechhap,Doramba Rural Municipality,17686,126,58.6,5062,3.493875938,4859,194,3,0,5,1,3944,910,4406,599
366,31008,Bagmati,Ramechhap,Sunapati Rural Municipality,14658,169,61.9,4193,3.495826377,3921,243,5,0,4,18,3030,1003,3468,660
367,31101,Bagmati,Sindhuli,Dudhouli Municipality,70207,180,70.7,16110,4.357976412,11874,3968,23,5,232,4,7952,7612,4049,6593
368,31102,Bagmati,Sindhuli,Phikkal Rural Municipality,15910,86,75.2,3436,4.630384168,3163,264,0,0,4,3,2773,577,3033,355
369,31103,Bagmati,Sindhuli,Tinpatan Rural Municipality,34889,124,71.7,7918,4.406289467,6857,1025,1,0,33,1,4867,2840,4205,2920
370,31104,Bagmati,Sindhuli,Golanjor Rural Municipality,18737,102,71.7,4527,4.138944113,3679,788,6,3,48,1,2822,1516,2998,1423
371,31105,Bagmati,Sindhuli,Kamalamai Municipality,71061,147,77.8,18125,3.920606897,8497,9460,38,5,124,7,5227,12053,3240,11494
372,31106,Bagmati,Sindhuli,Sunkoshi Rural Municipality,18375,119,71.4,4987,3.684579908,3897,1055,3,0,19,11,3649,1158,3775,1114
373,31107,Bagmati,Sindhuli,Ghyanglekha Rural Municipality,12652,76,71,2868,4.411436541,2617,241,1,0,9,0,2429,372,2488,274
374,31108,Bagmati,Sindhuli,Marin Rural Municipality,28808,89,68.3,6044,4.766379881,4627,1338,20,0,56,1,3502,2387,1781,2419
375,31109,Bagmati,Sindhuli,Hariharpurgaghi Rural Municipality,26505,77,67.4,5292,5.008503401,4628,643,8,0,6,3,3506,1649,1643,1351
376,31201,Bagmati,Makwanpur,Indrasarowar Rural Municipality,13534,139,71.4,3403,3.977079048,2519,880,1,0,2,1,2470,770,2452,758
377,31202,Bagmati,Makwanpur,Thaha Municipality,38870,203,74.1,9749,3.987075597,6095,3582,18,1,41,12,5817,3401,5562,3691
378,31203,Bagmati,Makwanpur,Kailash Rural Municipality,21856,107,67.8,4391,4.977453883,3914,467,1,0,8,1,3688,533,3522,567
379,31204,Bagmati,Makwanpur,Raksirang Rural Municipality,25996,115,70.2,5044,5.153846154,4605,427,7,0,4,0,4014,716,3376,612
380,31205,Bagmati,Makwanpur,Manahari Rural Municipality,47353,237,77.7,10724,4.415609847,4488,6146,31,1,56,1,2668,7685,842,7566
381,31206,Bagmati,Makwanpur,Hetauda Sub-Metropolitian City,193576,740,84,46566,4.157024438,8122,37806,190,2,405,34,4473,39496,2663,41147
382,31207,Bagmati,Makwanpur,Bhimphedi Rural Municipality,21516,88,75.3,5085,4.231268437,3718,1310,21,2,31,1,2612,2343,3090,1592
383,31208,Bagmati,Makwanpur,Makawanpurgadhi Rural Municipality,24461,164,77.7,5285,4.628382214,3868,1380,9,0,23,3,2891,2233,2715,2103
384,31209,Bagmati,Makwanpur,Bakaiya Rural Municipality,40907,104,69,8913,4.589588242,7027,1825,17,3,25,6,4902,3760,3181,3652
385,31210,Bagmati,Makwanpur,Bagmati Rural Municipality,30425,98,71.4,6460,4.709752322,5188,1219,5,0,44,4,3608,2612,2614,2335
386,31301,Bagmati,Chitawan,Rapti Municipality,66617,314,77.3,15215,4.378376602,5514,9360,47,4,269,17,4046,10601,4034,9728
387,31302,Bagmati,Chitawan,Kalika Municipality,52164,350,79.1,12258,4.255506608,3756,8273,26,13,189,0,2445,9191,2572,8527
388,31303,Bagmati,Chitawan,Ichchha Kamana Rural Municipality,27643,166,74.2,6185,4.469361358,3718,2407,15,0,33,3,3035,2830,2655,2841
389,31304,Bagmati,Chitawan,Bharatpur Metropolitian City,369268,853,87.2,96591,3.823006284,9824,84961,710,26,1043,2,5295,81831,4373,89349
390,31305,Bagmati,Chitawan,Ratnanagar Municipality,89905,1309,83.1,22403,4.013078606,2818,19094,125,9,350,1,2332,18164,3358,18313
391,31306,Bagmati,Chitawan,Khairahani Municipality,67385,788,80.5,16395,4.110094541,2443,13319,100,7,517,3,1544,14117,1637,13615
392,31307,Bagmati,Chitawan,Madi Municipality,38295,175,79.2,10120,3.784090909,4741,4635,69,11,653,2,4228,5530,1488,5465
393,40101,Gandaki,Gorkha,Chumanubri Rural Municipality,5932,4,39.2,2068,2.868471954,1866,185,2,1,2,11,523,170,1802,152
394,40102,Gandaki,Gorkha,Ajirkot Rural Municipality,12832,65,72.4,3622,3.542794036,2990,601,3,0,27,1,1012,2439,1879,1565
395,40103,Gandaki,Gorkha,Sulikot Rural Municipality,22636,113,69.2,6283,3.602737546,4845,1398,11,0,21,7,2227,3768,2621,3376
396,40104,Gandaki,Gorkha,Dharche Rural Municipality,14263,22,62.5,3808,3.745535714,3548,252,1,0,0,5,2937,672,2842,740
397,40105,Gandaki,Gorkha,Aarughat Rural Municipality,21572,134,68.5,6176,3.492875648,4370,1759,10,0,27,9,1500,4449,2296,3615
398,40106,Gandaki,Gorkha,Bhimsen Rural Municipality,16986,168,67.4,5239,3.242221798,4045,1141,3,0,44,6,1735,3370,2314,2804
399,40107,Gandaki,Gorkha,Siranchowk Rural Municipality,19719,162,71.4,5958,3.309667674,4449,1419,6,7,68,8,1987,3755,2369,3444
400,40108,Gandaki,Gorkha,Palungtar Municipality,37409,236,75.4,11072,3.378703035,6067,4633,39,1,319,13,2799,7848,3426,7442
401,40109,Gandaki,Gorkha,Gorkha Municipality,52468,431,80.8,14988,3.5006672,5209,9350,21,2,346,44,1700,12532,2216,12482
402,40110,Gandaki,Gorkha,Shahid Lakhan Rural Municipality,23076,155,71.2,6856,3.365810968,4470,2113,21,20,206,22,2388,4187,3228,3499
403,40111,Gandaki,Gorkha,Gandaki Rural Municipality,21394,173,72.1,5659,3.780526595,3954,1609,9,0,77,7,1871,3565,2817,2742
404,40201,Gandaki,Manang,Naraphu Rural Municipality,396,0,56.2,126,3.142857143,120,4,0,0,0,1,10,4,124,1
405,40202,Gandaki,Manang,Neshang Rural Municipality,1595,2,67.9,561,2.843137255,342,187,1,0,30,0,15,18,474,38
406,40203,Gandaki,Manang,Chame Rural Municipality,1276,0,86.3,389,3.280205656,276,113,0,0,0,0,19,31,191,49
407,40204,Gandaki,Manang,Nashong Rural Municipality,1671,2,78,471,3.547770701,320,150,0,0,0,0,91,126,230,178
408,40301,Gandaki,Mustang,Dalome Rural Municipality,1292,1,45.6,436,2.963302752,124,107,0,0,205,0,421,6,432,3
409,40302,Gandaki,Mustang,Gharpajhong Rural Municipality,3712,12,81.5,1127,3.293700089,140,983,2,0,1,0,305,269,888,238
410,40303,Gandaki,Mustang,Bahragaun Muktikshetra Rural Municipality,2036,2,60.2,723,2.81604426,233,489,0,0,0,1,546,90,621,95
411,40304,Gandaki,Mustang,Lomanthang Rural Municipality,1430,2,47.1,488,2.930327869,248,6,1,113,119,0,476,1,475,6
412,40305,Gandaki,Mustang,Thasang Rural Municipality,2856,10,77.7,832,3.432692308,464,366,1,0,0,1,172,152,542,260
413,40401,Gandaki,Myagdi,Annapurna Rural Municipality,12323,22,79.2,3600,3.423055556,2730,849,2,0,19,0,2645,716,2992,541
414,40402,Gandaki,Myagdi,Raghuganga Rural Municipality,14114,37,72.9,4153,3.398507103,3622,491,1,0,31,7,3403,604,3720,375
415,40403,Gandaki,Myagdi,Dhawalagiri Rural Municipality,12616,12,76.2,3176,3.972292191,2929,243,1,0,1,1,2856,221,2996,125
416,40404,Gandaki,Myagdi,Malika Rural Municipality,18332,125,77.9,4590,3.993899782,3764,754,3,0,55,12,3813,654,4011,523
417,40405,Gandaki,Myagdi,Mangala Rural Municipality,14688,165,80.9,3911,3.755561238,3210,636,20,0,44,0,3037,745,3467,407
418,40406,Gandaki,Myagdi,Beni Municipality,32697,427,83.2,9336,3.502249357,4880,4412,15,0,15,8,4617,4186,5321,3917
419,40501,Gandaki,Kaski,Madi Rural Municipality,16142,29,77.4,4094,3.942843185,3582,494,6,0,12,0,2922,1078,3242,796
420,40502,Gandaki,Kaski,Machhapuchchhre Rural Municipality,22898,42,80.3,6151,3.722646724,3381,2727,2,0,40,0,2846,3033,3404,2627
421,40503,Gandaki,Kaski,Annapurna Rural Municipality,22099,53,79.2,6049,3.653331129,4170,1855,6,0,14,1,3312,2418,3779,2001
422,40504,Gandaki,Kaski,Pokhara Lekhnath Metropolitian City,513504,1106,88.7,140459,3.655899586,11893,127571,372,4,543,32,8693,108714,11882,127255
423,40505,Gandaki,Kaski,Rupa Rural Municipality,14891,157,82.5,3663,4.065247065,2756,893,3,0,10,1,1894,1684,2304,1343
424,40601,Gandaki,Lamjung,Dordi Rural Municipality,16050,46,74.5,4524,3.547745358,3443,1039,7,0,32,2,2736,1682,3072,1329
425,40602,Gandaki,Lamjung,Marshyangdi Rural Municipality,17080,29,72.2,4550,3.753846154,3395,1053,1,0,97,2,2880,1559,3041,1220
426,40603,Gandaki,Lamjung,Kwhola Sothar Rural Municipality,7960,45,67.6,2276,3.497363796,2062,206,0,0,7,0,2074,161,2079,170
427,40604,Gandaki,Lamjung,Madhya Nepal Municipality,21971,193,78.9,6427,3.418546756,3519,2824,15,0,67,0,2807,3346,3417,2830
428,40605,Gandaki,Lamjung,Bensi Shahar Municipality,38232,300,81.1,11038,3.463670955,3791,7037,57,1,146,2,3605,6463,4238,6600
429,40606,Gandaki,Lamjung,Sundarbazar Municipality,27043,375,81.4,7829,3.454208711,2589,5052,32,0,147,2,2179,5290,2536,5182
430,40607,Gandaki,Lamjung,Rainas Municipality,17402,242,76.1,4961,3.507760532,1976,2715,14,0,253,2,2036,2807,2293,2494
431,40608,Gandaki,Lamjung,Dudhapokhari Rural Municipality,8592,56,69.7,2469,3.479951397,2188,273,0,0,7,1,1183,1206,1336,997
432,40701,Gandaki,Tanahu,Bhanu Municipality,42794,233,77.5,12705,3.368280205,6289,6006,26,6,368,9,4864,7458,5979,6454
433,40702,Gandaki,Tanahu,Byas Municipality,78939,318,85.3,22585,3.495195926,7045,15323,59,1,144,7,4710,16170,6231,16027
434,40703,Gandaki,Tanahu,Myagde Rural Municipality,23578,205,82.2,6515,3.619033001,3519,2814,20,9,151,0,2201,4127,2535,3910
435,40704,Gandaki,Tanahu,Shuklagandaki Municipality,55620,337,86.8,15272,3.641959141,4892,10122,17,0,227,5,2982,10923,3413,11760
436,40705,Gandaki,Tanahu,Bhimad Municipality,29248,227,79.7,7970,3.669761606,4593,3258,16,5,94,0,4067,3544,4304,3589
437,40706,Gandaki,Tanahu,Ghiring Rural Municipality,14334,114,73,3783,3.789056305,2998,717,21,1,37,1,3018,689,3090,594
438,40707,Gandaki,Tanahu,Rhishing Rural Municipality,17918,83,71.6,4669,3.837652602,3835,813,9,0,10,1,3684,885,3858,740
439,40708,Gandaki,Tanahu,Devghat Rural Municipality,14584,92,75.4,3670,3.973841962,2031,1624,4,0,9,1,1683,1870,1325,1721
440,40709,Gandaki,Tanahu,Bandipur Rural Municipality,18532,182,79.5,5208,3.558371736,2446,2706,6,0,48,1,1991,3042,2659,2423
441,40710,Gandaki,Tanahu,Aanbu Khaireni Rural Municipality,22252,174,82.1,6136,3.626466754,1830,4264,30,0,10,0,1513,4308,1752,4241
442,40801,Gandaki,Nawalparasi East,Gaidakot Municipality,79349,496,84.8,20191,3.929919271,2872,17083,46,1,184,1,1487,16981,1117,18191
443,40802,Gandaki,Nawalparasi East,Bulingtar Rural Municipality,14637,99,72.9,3402,4.302469136,3066,296,4,0,36,0,2646,672,2747,588
444,40803,Gandaki,Nawalparasi East,Bungdikali Rural Municipality,11338,123,75.5,2913,3.892207346,2319,531,4,2,55,2,2332,477,2367,494
445,40804,Gandaki,Nawalparasi East,Hupsekot Rural Municipality,26583,140,76.2,6179,4.302152452,3876,2200,17,3,83,0,2475,3536,2317,3486
446,40805,Gandaki,Nawalparasi East,Devchuli Municipality,58003,515,84.3,14493,4.002138964,2694,11630,17,8,140,2,1562,12019,1777,12417
447,40806,Gandaki,Nawalparasi East,Kawasoti Municipality,86821,801,84.7,22166,3.916854642,5675,15960,66,5,448,2,2251,18436,1385,19386
448,40807,Gandaki,Nawalparasi East,Madhya Bindu Municipality,61091,262,79.9,15430,3.959235256,7992,7002,74,17,333,3,4203,10640,3040,10819
449,40808,Gandaki,Nawalparasi East,Binayi Tribeni Rural Municipality,38370,144,82,9076,4.227633319,4624,4263,24,9,148,3,2527,6263,1606,6310
450,40901,Gandaki,Syangja,Putalibazar Municipality,41743,284,82.8,11881,3.513424796,5890,5820,17,0,145,6,4270,7104,5538,6120
451,40902,Gandaki,Syangja,Phedikhola Rural Municipality,10899,192,80.7,3165,3.443601896,2131,1018,2,0,13,0,1446,1646,1610,1543
452,40903,Gandaki,Syangja,Aandhikhola Rural Municipality,13094,188,76.2,3992,3.28006012,3244,729,1,0,17,1,2575,1340,2813,1160
453,40904,Gandaki,Syangja,Arjun Choupari Rural Municipality,14045,245,79.2,3808,3.688287815,3127,675,2,0,3,0,2708,1007,2980,795
454,40905,Gandaki,Syangja,Bhirkot Municipaity,22645,289,82.9,6171,3.669583536,3839,2240,4,3,83,2,3515,2433,3678,2458
455,40906,Gandaki,Syangja,Biruwa Rural Municipality,14001,146,79.1,3954,3.540971168,3354,551,3,0,42,3,2836,1013,3149,778
456,40907,Gandaki,Syangja,Harinas Rural Municipality,13191,151,78.3,3582,3.682579564,3011,549,2,1,16,1,2584,935,2860,700
457,40908,Gandaki,Syangja,Chapakot Municipality,22969,190,79.9,6251,3.674452088,4462,1690,5,0,93,1,4018,2044,3964,2262
458,40909,Gandaki,Syangja,Walling Municipality,50488,393,83.4,13424,3.76102503,6241,6818,24,1,334,4,5898,6881,6370,6984
459,40910,Gandaki,Syangja,Galyang Municipality,31034,253,83.4,7933,3.91201311,5866,1984,40,0,42,0,5184,2495,5350,2545
460,40911,Gandaki,Syangja,Kaligandaki Rural Municipality,17955,244,82.2,4762,3.770474591,4128,569,6,0,55,3,3334,1232,2847,1829
461,41001,Gandaki,Parbat,Modi Rural Municipality,18794,131,77.6,5404,3.477794226,4278,1105,8,1,7,3,3588,1690,3886,1428
462,41002,Gandaki,Parbat,Jaljala Rural Municipality,21119,257,79.9,5961,3.542861936,3797,2141,5,0,17,0,3489,2274,4042,1784
463,41003,Gandaki,Parbat,Kushma Municipality,38101,409,81.6,10962,3.475734355,5944,4981,24,1,7,2,5459,5007,6470,4394
464,41004,Gandaki,Parbat,Phalebas Municipality,20468,239,78.2,5737,3.56771832,4998,713,5,0,16,4,4389,1202,4798,874
465,41005,Gandaki,Parbat,Mahashila Rural Municipality,8116,164,81.8,2057,3.945551774,1946,106,1,0,3,0,1860,165,1934,119
466,41006,Gandaki,Parbat,Bihadi Rural Municipality,10828,242,79.7,2723,3.976496511,2507,202,3,0,11,0,2195,451,2227,466
467,41007,Gandaki,Parbat,Paiyu Rural Municipality,12725,298,81.2,3268,3.893818849,2559,695,4,0,9,1,2295,854,2492,738
468,41101,Gandaki,Baglung,Baglung Municipality,56102,572,83.5,15924,3.523109771,8406,7458,33,1,19,7,7987,6954,9400,6416
469,41102,Gandaki,Baglung,Kathekhola Rural Municipality,22526,272,78.4,5892,3.823150034,5493,388,5,0,2,2,4997,790,5455,392
470,41103,Gandaki,Baglung,Tarakhola Rural Municipality,10120,78,82.1,2337,4.33033804,2242,92,3,0,0,0,2143,155,2201,122
471,41104,Gandaki,Baglung,Tamankhola Rural Municipality,9982,56,75.5,2611,3.8230563,2434,174,2,0,1,0,2458,115,2547,46
472,41105,Gandaki,Baglung,Dhorpatan Municipality,30068,135,80,7485,4.017100868,5304,2152,15,1,6,7,5508,1700,5781,1598
473,41106,Gandaki,Baglung,Nisikhola Rural Municipality,23119,95,72,5635,4.102750665,5297,323,2,0,11,0,5149,377,5290,296
474,41107,Gandaki,Baglung,Badigad Rural Municipality,28839,161,81.5,6745,4.275611564,5910,797,5,0,20,12,5779,794,5908,721
475,41108,Gandaki,Baglung,Galkot Municipality,30588,157,80.5,7714,3.965257973,5981,1705,9,0,12,3,5374,2007,5896,1721
476,41109,Gandaki,Baglung,Bareng Rural Municipality,11158,148,76.9,2925,3.814700855,2722,194,6,0,1,2,2704,158,2732,166
477,41110,Gandaki,Baglung,Jaimuni Municipality,24628,207,78.8,6828,3.606912712,6258,547,6,0,6,4,5368,1317,6038,701
478,50101,Lumbini,Rukum East ,Putha Uttanganga Rural Municipality,18308,33,67.7,4368,4.191391941,4223,107,3,0,18,16,4053,104,4202,82
479,50102,Lumbini,Rukum East ,Sisne Rural Municipality,18534,57,75.6,4299,4.311235171,3636,625,10,0,25,3,3751,309,3801,443
480,50103,Lumbini,Rukum East ,Bhoome Rural Municipality,19829,72,70.6,4211,4.708857754,4107,98,1,0,1,4,4018,108,4024,145
481,50201,Lumbini,Rolpa,Sunchhahari Rural Municipality,17241,62,72.1,3586,4.807863915,3462,114,4,1,1,2,3331,149,3457,57
482,50202,Lumbini,Rolpa,Thawang Rural Municipality,10851,57,73.3,2551,4.253626029,2343,195,1,0,2,7,2269,127,2443,51
483,50203,Lumbini,Rolpa,Pariwartan Rural Municipality,21671,133,73.9,4682,4.628577531,4462,140,0,0,60,16,4411,145,4570,66
484,50204,Lumbini,Rolpa,Gangadev Rural Municipality,21503,173,77.3,4433,4.850665464,4199,210,4,0,16,4,4060,240,4311,97
485,50205,Lumbini,Rolpa,Madi Rural Municipality,18056,140,77.4,4133,4.368739414,3905,214,2,0,10,1,3874,180,3974,128
486,50206,Lumbini,Rolpa,Tribeni Rural Municipality,23412,114,76.9,5357,4.370356543,5033,310,7,2,2,1,4831,217,5102,234
487,50207,Lumbini,Rolpa,Rolpa Municipality,35376,131,79,8745,4.045283019,6959,1557,37,1,177,8,6988,1266,7238,1392
488,50208,Lumbini,Rolpa,Runtigadhi Rural Municipality,28291,122,78.6,6224,4.545469152,5798,385,19,1,6,12,5704,156,5794,309
489,50209,Lumbini,Rolpa,Subarnabati Rural Municipality,30617,196,74.5,7009,4.368240833,6241,740,8,0,7,8,5953,792,5758,1052
490,50210,Lumbini,Rolpa,Lungri Rural Municipality,26325,195,69,5486,4.798578199,5040,389,9,4,37,6,4904,345,5209,139
491,50301,Lumbini,Pyuthan,Gaumukhi Rural Municipality,25980,187,78.2,5578,4.657583363,5192,363,2,0,12,9,4996,358,5223,293
492,50302,Lumbini,Pyuthan,Naubahini Rural Municipality,32682,153,74.1,7133,4.581802888,6565,528,7,1,24,3,6306,601,6461,477
493,50303,Lumbini,Pyuthan,Jhimaruk Rural Municipality,26130,244,81.8,6534,3.999081726,6152,358,5,0,13,5,5879,470,5856,639
494,50304,Lumbini,Pyuthan,Pyuthan Municipality,42130,327,84.5,11235,3.749888741,8688,2504,16,0,25,0,8456,2383,8483,2581
495,50305,Lumbini,Pyuthan,Sworgadwari Municipality,32037,143,81,8218,3.89839377,7349,841,5,0,10,13,7037,797,6725,1371
496,50306,Lumbini,Pyuthan,Mandavi Rural Municipality,15863,140,81.6,3794,4.181075382,3438,330,17,0,7,0,3333,387,3207,567
497,50307,Lumbini,Pyuthan,Mallarani Rural Municipality,15646,195,80,4138,3.781053649,3672,455,2,0,7,1,3699,388,3631,487
498,50308,Lumbini,Pyuthan,Aairawati Rural Municipality,20428,130,78.2,5112,3.996087637,4896,205,4,0,5,0,4736,248,4507,433
499,50309,Lumbini,Pyuthan,Sarumarani Rural Municipality,19783,125,79.1,4453,4.442622951,3892,518,10,7,23,2,3431,768,3152,1091
500,50401,Lumbini,Gulmi,Kali Gandaki Rural Municipality,15044,149,79.7,3736,4.026766595,3336,331,3,0,60,5,2910,596,3116,543
501,50402,Lumbini,Gulmi,Satyawoti Rural Municipality,19473,168,81.9,5169,3.767266396,4651,505,3,1,7,1,4172,879,3840,1246
502,50403,Lumbini,Gulmi,Chandrakot Rural Municipality,18662,177,79.6,5029,3.710876914,4031,975,9,0,9,3,3702,1201,3662,1268
503,50404,Lumbini,Gulmi,Musikot Municipality,28454,248,80.6,7099,4.008170165,6343,673,5,2,67,6,5721,1078,5806,1114
504,50405,Lumbini,Gulmi,Isma Rural Municipality,18529,266,74.6,5009,3.699141545,4796,182,0,2,16,13,4463,461,4618,314
505,50406,Lumbini,Gulmi,Malika Rural Municipality,20075,217,77.9,5241,3.830375882,4998,153,4,0,84,0,4358,684,4891,295
506,50407,Lumbini,Gulmi,Madane Rural Municipality,20022,212,77,5253,3.811536265,5015,230,0,0,6,2,4691,412,4981,215
507,50408,Lumbini,Gulmi,Dhurkot Rural Municipality,18814,218,78.8,5382,3.495726496,5171,199,0,1,11,0,4702,554,4853,324
508,50409,Lumbini,Gulmi,Resunga Municipality,31551,377,85.4,9015,3.499833611,5238,3746,13,0,12,6,4563,3894,4576,4281
509,50410,Lumbini,Gulmi,Gulmi Durbar Gaunpaika,19296,241,82.1,5253,3.673329526,4860,382,5,0,3,1,4235,896,4234,997
510,50411,Lumbini,Gulmi,Chhatrakot Rural Municipality,19357,222,79.2,5307,3.647446768,4789,516,0,1,0,1,4652,474,4367,879
511,50412,Lumbini,Gulmi,Ruru Rural Municipality,16597,246,82.7,4607,3.60256132,3792,803,5,0,5,0,3623,817,3312,1242
512,50501,Lumbini,Arghakhanchi,Chhatradev Rural Municipality,21611,247,78.8,6228,3.46997431,6068,152,2,0,3,3,5654,468,5839,341
513,50502,Lumbini,Arghakhanchi,Malarani Rural Municipality,24150,239,76.7,6780,3.561946903,6590,184,1,0,4,1,6048,561,6194,553
514,50503,Lumbini,Arghakhanchi,Bhumikasthan Municipality,28192,177,76.9,7760,3.632989691,7525,226,4,0,5,0,7137,469,6942,766
515,50504,Lumbini,Arghakhanchi,Sandhikharka Municipality,42492,328,84.5,12070,3.52046396,7983,4052,19,1,10,3,7353,3874,7357,4606
516,50505,Lumbini,Arghakhanchi,Panini Rural Municipality,22291,147,79.9,6161,3.61808148,5911,238,2,0,7,0,5827,256,5700,408
517,50506,Lumbini,Arghakhanchi,Shitaganga Municipality,37681,62,80,9450,3.987407407,8705,711,8,2,8,5,7863,1323,7380,1277
518,50601,Lumbini,Palpa,Rampur Municipality,40883,331,84.9,11363,3.597905483,4929,6206,32,9,166,19,5078,5449,5300,5962
519,50602,Lumbini,Palpa,Purbakhola Rural Municipality,16052,116,81,4121,3.895171075,3438,656,3,6,18,0,3264,718,3495,600
520,50603,Lumbini,Palpa,Rambha Rural Municipality,17155,182,78.7,4689,3.658562593,3785,874,5,1,19,4,3586,937,3644,1019
521,50604,Lumbini,Palpa,Baganaskali Rural Municipality,18497,220,81.7,5115,3.616226784,4297,744,5,3,59,5,3843,1129,3695,1291
522,50605,Lumbini,Palpa,Tansen Municipality,50792,463,89,14782,3.436070897,5566,9015,40,7,129,18,5825,7766,5948,8675
523,50606,Lumbini,Palpa,Ribdikot Rural Municipality,15473,124,80.6,4402,3.514993185,3819,538,8,0,36,1,3564,558,3691,639
524,50607,Lumbini,Palpa,Rainadevi Chhahara Rural Municipality,23149,132,82.6,6330,3.657030016,5679,591,5,0,46,9,5533,490,5386,820
525,50608,Lumbini,Palpa,Tinau Rural Municipality,17777,88,81.9,4201,4.231611521,3506,640,2,0,26,23,2801,1199,2907,935
526,50609,Lumbini,Palpa,Mathagadhi Rural Municipality,24053,112,63.76,5823,4.130688648,4212,1523,13,3,65,7,3691,1687,3772,1849
527,50610,Lumbini,Palpa,Nisdi Rural Municipality,18120,93,78.5,4165,4.350540216,3512,615,10,0,22,2,3395,540,3385,744
528,50701,Lumbini,Nawalparasi West,Bardaghat Municipality,76703,473,82.5,18501,4.145884006,5299,12784,104,8,264,19,4015,13561,2668,14486
529,50702,Lumbini,Nawalparasi West,Sunawal Municipality,72085,518,83.9,17418,4.138534849,5274,11827,80,6,223,4,2496,13979,1798,14772
530,50703,Lumbini,Nawalparasi West,Ramgram Municipality,64017,499,77.7,13137,4.873030372,4571,8021,111,177,244,6,4290,8107,1106,10791
531,50704,Lumbini,Nawalparasi West,Palhinandan Rural Municipality,38186,855,71.9,7180,5.318384401,3213,3745,67,133,19,0,3734,3039,818,5472
532,50705,Lumbini,Nawalparasi West,Sarawal Rural Municipality,42207,577,74.5,8745,4.826415094,4495,4013,49,39,91,1,4041,4307,959,6377
533,50706,Lumbini,Nawalparasi West,Pratapapur Rural Municipality,49897,570,72.9,9702,5.142960214,5678,3914,54,21,27,3,5929,3362,748,5364
534,50707,Lumbini,Nawalparasi West,Susta Rural Municipality,40655,362,73,8026,5.06541241,5638,2259,48,3,71,3,4621,3142,201,4285
535,50801,Lumbini,Rupandehi,Devdaha Municipality,72457,529,83.1,17300,4.188265896,4178,12926,47,20,117,1,2410,13701,1551,15109
536,50802,Lumbini,Rupandehi,Butwal Sub-Metropolitian City,194335,1913,91.3,50565,3.843271037,2650,47619,108,3,162,13,1507,40804,1520,48318
537,50803,Lumbini,Rupandehi,Sainamaina Municipality,78393,483,84.9,19445,4.031524814,4850,14214,20,7,346,3,2616,15333,2496,16500
538,50804,Lumbini,Rupandehi,Kanchan Rural Municipality,42528,727,83,10440,4.073563218,4095,6123,37,8,175,0,2514,7433,1431,8006
539,50805,Lumbini,Rupandehi,Gaidahawa Rural Municipality,56149,580,71.3,9947,5.644817533,5930,3291,43,639,39,1,5776,3713,1880,6944
540,50806,Lumbini,Rupandehi,Suddhodhan Rural Municipality,41907,727,81.2,8676,4.8302213,2921,5078,31,355,290,0,1453,6851,704,7738
541,50807,Lumbini,Rupandehi,Siyari Rural Municipality,44985,680,78.8,9019,4.987803526,2850,5407,25,492,240,1,2394,6278,695,8055
542,50808,Lumbini,Rupandehi,Tilottama Municipality,149479,1185,88.1,35991,4.153232753,2674,32594,143,74,498,2,1983,28388,1636,33953
543,50809,Lumbini,Rupandehi,Om Satiya Rural Municipality,41141,848,78.2,8082,5.090447909,1682,6136,45,191,25,1,2162,5188,646,7210
544,50810,Lumbini,Rupandehi,Rohini Rural Municipality,43327,670,72.3,7526,5.756975817,2489,4627,12,358,9,1,3490,3713,749,6371
545,50811,Lumbini,Rupandehi,Siddharthanagar Municipality,74436,2066,86.1,15871,4.690063638,959,14815,46,36,1,6,1195,12305,962,14621
546,50812,Lumbini,Rupandehi,Mayadevi Rural Municipality,57170,775,72.6,9990,5.722722723,3333,4955,83,1597,10,0,4755,4747,939,8610
547,50813,Lumbini,Rupandehi,Lumbini Sanskritik Municipality,87383,779,71.1,13621,6.415314588,4116,6493,77,2796,131,0,7489,5452,2695,10396
548,50814,Lumbini,Rupandehi,Kotahimai Rural Municipality,45975,789,68.7,7535,6.101526211,2970,2718,46,1785,12,1,4942,2293,1234,6009
549,50815,Lumbini,Rupandehi,Sammarimai Rural Municipality,43044,848,69.3,7242,5.943661972,2571,2209,43,2407,5,1,4841,1950,1177,5639
550,50816,Lumbini,Rupandehi,Marchawari Rural Municipality,40880,842,68.7,6921,5.906660887,4454,1509,65,876,8,3,4949,1599,1394,5100
551,50901,Lumbini,Kapilbastu,Banganga Municipality,96714,414,81.4,23325,4.146366559,9080,13344,108,19,760,5,4467,17797,2566,19192
552,50902,Lumbini,Kapilbastu,Buddhabhumi Municipality,76507,209,71.5,15379,4.974770791,10817,4180,73,29,276,2,7239,7464,3074,10164
553,50903,Lumbini,Kapilbastu,Shivaraj Municipality,84810,299,72.7,16241,5.221969091,9141,6566,95,133,295,1,6504,8970,2356,11842
554,50904,Lumbini,Kapilbastu,Bijayanagar Rural Municipality,43291,250,64.2,7059,6.132738348,5946,956,35,46,75,1,4754,1937,1575,3875
555,50905,Lumbini,Kapilbastu,Krishnanagar Municipality,70111,725,67,10670,6.570852858,5901,3716,56,977,13,2,6124,3884,1934,7814
556,50906,Lumbini,Kapilbastu,Maharajganj Municipality,64645,576,67.7,9820,6.58299389,6691,1840,117,1121,35,5,7212,1995,3356,5559
557,50907,Lumbini,Kapilbastu,Kapilbastu Municipality,88874,649,73.1,15382,5.777792225,5523,7024,179,2422,189,5,7461,7060,4751,9720
558,50908,Lumbini,Kapilbastu,Yasodhara Rural Municipality,44900,665,69.4,6999,6.415202172,1845,2530,59,2524,24,5,4680,1831,3011,3654
559,50909,Lumbini,Kapilbastu,Mayadevi Rural Municipality,55972,632,72.6,8443,6.629397134,3594,3250,87,1189,269,1,5391,2594,4127,3940
560,50910,Lumbini,Kapilbastu,Shuddhodhan Rural Municipality,52861,577,67.3,8543,6.187639003,4018,2716,56,1602,98,3,6156,1966,3403,4304
561,51001,Lumbini,Dang,Bangalachuli Rural Municipality,22373,91,77.9,5139,4.353570734,4865,266,2,1,3,1,4841,110,4339,413
562,51002,Lumbini,Dang,Ghorahi Sub-Metropolitian City,200530,384,83,49761,4.029862744,21966,26151,104,412,1037,13,24928,22601,21675,24348
563,51003,Lumbini,Dang,Tulsipur Sub-Metropolitian City,179755,467,83.1,46018,3.906188883,20617,23824,110,658,718,75,22312,21477,21723,22836
564,51004,Lumbini,Dang,Shantinagar Rural Municipality,27641,238,79.9,6919,3.994941466,6050,809,5,20,30,5,5207,1312,5277,1383
565,51005,Lumbini,Dang,Babai Rural Municipality,30968,120,78,7527,4.114255347,6459,980,2,14,54,15,5807,1429,5175,1719
566,51006,Lumbini,Dang,Dangisharan Rural Municipality,23668,214,79,5825,4.063175966,4839,826,5,15,129,4,4575,1110,3918,1118
567,51007,Lumbini,Dang,Lamahi Municipality,59050,181,80.9,13458,4.387724773,5363,7121,57,33,869,8,4825,8097,3708,8350
568,51008,Lumbini,Dang,Rapti Rural Municipality,52123,324,79.4,11826,4.407491967,4203,6972,93,6,547,2,3954,7297,1840,7627
569,51009,Lumbini,Dang,Gadhawa Rural Municipality,45898,128,77.7,9964,4.606382979,6385,3173,129,1,266,5,4567,4883,1904,4783
570,51010,Lumbini,Dang,Rajpur Rural Municipality,28246,49,76.8,5829,4.845771144,5123,581,24,39,53,3,3980,1579,2243,1821
571,51101,Lumbini,Banke,Rapti Sonari Rural Municipality,66445,64,75,14946,4.445671083,13075,1696,61,8,81,17,9283,4986,3980,6413
572,51102,Lumbini,Banke,Kohalpur Municipality,101667,552,82.6,24183,4.204068974,5617,18030,126,35,361,4,5797,16799,3921,18634
573,51103,Lumbini,Banke,Baijanath Rural Municipality,69472,490,77.9,16469,4.218349627,6625,8842,92,13,886,1,7095,8628,5570,9858
574,51104,Lumbini,Banke,Khajura Rural Municipality,62789,616,75.3,13706,4.581132351,6359,7090,55,60,135,2,6778,6442,4886,7707
575,51105,Lumbini,Banke,Janaki Rural Municipality,46141,729,67.1,8826,5.227849535,4461,4013,29,69,239,15,5651,2668,3339,4802
576,51106,Lumbini,Banke,Nepalganj Sub-Metropolitian City,164444,1913,76.2,34565,4.757529293,7200,26899,157,20,251,16,8706,22416,6543,27149
577,51107,Lumbini,Banke,Duduwa Rural Municipality,43135,473,55.4,8051,5.357719538,6729,1250,48,12,7,2,6440,1168,2189,3100
578,51108,Lumbini,Banke,Narainapur Rural Municipality,43206,251,47.9,8488,5.090245052,7993,449,19,14,5,5,7061,829,1492,3898
579,51201,Lumbini,Bardiya,Bansgadhi Municipality,63252,307,79.3,15091,4.191372341,9836,4512,119,15,600,7,8294,6251,4938,7704
580,51202,Lumbini,Bardiya,Barbardiya Municipality,72533,321,79.1,16897,4.292655501,12326,3472,157,30,898,7,11730,4448,7226,6481
581,51203,Lumbini,Bardiya,Thakurbaba Municipality,49420,473,78,11469,4.309006888,7550,3518,147,5,248,0,5799,5137,2880,6444
582,51204,Lumbini,Bardiya,Geruwa Rural Municipality,33614,427,79.5,7762,4.330584901,4645,2187,76,4,848,2,5504,1947,265,2423
583,51205,Lumbini,Bardiya,Rajapur Municipality,60831,479,77.1,13659,4.453547112,7702,4613,158,7,1176,1,10291,2812,830,3752
584,51206,Lumbini,Bardiya,Madhuwan Municipality,50739,391,76.52,12444,4.077386692,7624,4388,79,22,329,1,6837,5044,3644,6591
585,51207,Lumbini,Bardiya,GulariyaMunicipality,74505,630,70.5,16002,4.655980502,10942,4639,124,13,271,3,10437,4569,4568,7486
586,51208,Lumbini,Bardiya,Badhaiyatal Municipality,52818,459,76.71,12961,4.075148522,6901,5202,86,11,757,1,8176,4292,4922,6186
587,60101,Karnali,Dolpa,Dolpo Buddha Rural Municipality,2420,6,45.3,543,4.456721915,384,9,0,148,0,1,515,2,542,0
588,60102,Karnali,Dolpa,Shey Phoksundo Rural Municipality,3635,30,45,861,4.221835075,568,9,0,281,1,0,699,2,852,9
589,60103,Karnali,Dolpa,Jagadulla Rural Municipality,2575,31,73,601,4.28452579,575,21,1,0,0,4,500,13,558,25
590,60104,Karnali,Dolpa,Mudkechula Rural Municipality,5803,23,77,1190,4.876470588,1153,31,0,0,3,2,1084,13,1131,31
591,60105,Karnali,Dolpa,Tripurasundari Municipality,12233,31,70.9,2622,4.665522502,2354,134,0,0,128,5,2421,34,2423,96
592,60106,Karnali,Dolpa,Thulibheri Municipality,9861,23,73.7,2327,4.237645037,1920,294,0,0,102,0,2063,95,2109,203
593,60107,Karnali,Dolpa,Kaike Rural Municipality,3965,8,58.8,916,4.32860262,877,39,0,0,0,0,901,1,910,4
594,60108,Karnali,Dolpa,Chharka Tangsong Rural Municipality,1672,5,45.9,320,5.225,247,20,0,0,0,0,126,2,314,3
595,60201,Karnali,Mugu,Mugumakarmarog Rural Municipality,6222,3,54.4,1372,4.534985423,1316,52,0,0,0,4,367,4,1331,7
596,60202,Karnali,Mugu,Chhayanath Rara Municipality,24527,51,70.7,4952,4.952948304,4007,802,12,0,80,48,4086,249,4260,557
597,60203,Karnali,Mugu,Soru Rural Municipality,14277,39,65.5,2581,5.531576908,2496,80,2,0,0,3,2449,7,2520,44
598,60204,Karnali,Mugu,Khatyad Rural Municipality,18832,67,70,3525,5.342411348,3313,198,0,0,3,10,3279,40,3295,110
599,60301,Karnali,Humla,Chankheli Rural Municipality,6579,5,66.5,1193,5.514668902,1180,6,1,0,0,2,1144,0,1182,6
600,60302,Karnali,Humla,Kharpunath Rural Municipality,6736,8,61.2,1437,4.687543493,1425,9,1,0,1,1,1402,2,1427,4
601,60303,Karnali,Humla,Simkot Rural Municipality,11935,15,66.4,2882,4.141221374,2841,36,3,0,0,1,2618,20,2813,59
602,60304,Karnali,Humla,Namkha Rural Municipality,3589,1,51.1,849,4.227326266,841,8,0,0,0,0,307,6,839,5
603,60305,Karnali,Humla,Sarkegad Rural Municipality,10688,35,63.8,2205,4.847165533,2159,30,0,0,12,3,2125,3,2171,8
604,60306,Karnali,Humla,Adanchuli Rural Municipality,8265,55,63.4,1480,5.584459459,1467,11,2,0,0,0,1467,2,1470,6
605,60307,Karnali,Humla,Tanjakot Rural Municipality,6092,38,57.6,1158,5.260794473,1122,33,1,0,1,1,1139,1,1139,4
606,60401,Karnali,Jumla,Patarasi Rural Municipality,16824,21,64.5,3342,5.034111311,3281,50,6,0,1,4,2905,59,3266,65
607,60402,Karnali,Jumla,Kanaka Sundari Gaun Palika,13625,60,68.3,2754,4.94734931,2618,132,1,0,1,1,2571,45,2599,114
608,60403,Karnali,Jumla,Sinja Rural Municipality,12556,82,61.2,2354,5.333899745,2247,102,0,0,1,4,2229,55,2258,58
609,60404,Karnali,Jumla,Chandannath Municipality,21036,206,77.6,5367,3.919508105,3541,1789,3,0,15,16,3845,908,4133,1192
610,60405,Karnali,Jumla,Guthichaur Rural Municipality,10922,26,69.2,2444,4.468903437,2409,29,1,0,0,1,2161,41,2357,66
611,60406,Karnali,Jumla,Tatopani Rural Municipality,15575,30,70.3,3318,4.694092827,3207,97,0,0,2,11,3136,52,3088,198
612,60407,Karnali,Jumla,Tila Rural Municipality,14539,83,71.7,2667,5.45144357,2597,66,0,0,2,2,2515,23,2561,72
613,60408,Karnali,Jumla,Hima Rural Municipality,12191,92,72.7,2176,5.602481618,2124,43,2,0,1,5,2059,22,2095,56
614,60501,Karnali,Kalikot,Palata Rural Municipality,17346,54,70.7,2834,6.120677488,2709,118,0,0,2,3,2715,52,2691,84
615,60502,Karnali,Kalikot,Pachal Jharana Rural Municipality,13687,82,71.5,2398,5.707673061,2222,158,2,0,11,4,2227,61,2312,76
616,60503,Karnali,Kalikot,Raskot Municipality,17425,292,72,3194,5.455541641,2964,194,1,0,11,23,3084,50,3074,111
617,60504,Karnali,Kalikot,Sanni Tribeni Rural Municipality,13491,99,70.2,2422,5.570189926,2312,98,1,0,3,7,2299,48,2274,134
618,60505,Karnali,Kalikot,Naraharinath Rural Municipality,22458,156,75.1,4290,5.234965035,4024,262,1,0,0,2,4141,81,4158,121
619,60506,Karnali,Kalikot,Khandachakra Municipality,22274,167,74,4101,5.431358205,3184,847,1,1,65,3,3402,618,3357,731
620,60507,Karnali,Kalikot,Tilagupha Municipality,16197,62,71.3,3154,5.13538364,2891,231,1,0,16,14,2855,105,2836,264
621,60508,Karnali,Kalikot,Mahawai Rural Municipality,8177,25,73.1,1615,5.063157895,1514,65,1,0,2,29,1535,45,1506,74
622,60509,Karnali,Kalikot,Shuva Kalika Rural Municipality,13773,142,74.4,2762,4.98660391,2667,77,2,0,10,6,2627,56,2620,118
623,60601,Karnali,Dailekh,Naumule Rural Municipality,19687,86,76.3,4223,4.661851764,3846,367,2,0,5,3,3779,325,3882,324
624,60602,Karnali,Dailekh,Mahabu Rural Municipality,18059,163,76.4,3968,4.551159274,3642,299,0,0,19,7,3660,192,3799,132
625,60603,Karnali,Dailekh,Bhairabi Rural Municipality,18767,170,73.9,4269,4.396111502,3779,386,4,15,53,30,3744,315,3969,269
626,60604,Karnali,Dailekh,Thantikandh Rural Municipality,18301,207,70.5,3840,4.765885417,3666,161,1,0,2,7,3624,114,3727,104
627,60605,Karnali,Dailekh,Aathbis Municipality,31092,185,73.2,6134,5.06879687,5476,589,44,1,13,7,5553,260,5719,357
628,60606,Karnali,Dailekh,Chamunda Bindrasaini Municipality,26559,293,74.9,5113,5.194406415,4684,393,8,3,15,9,4696,170,4939,135
629,60607,Karnali,Dailekh,Dullu Municipality,39143,250,74.3,9053,4.32376008,8397,554,7,1,9,82,8227,370,8548,466
630,60608,Karnali,Dailekh,Narayan Municipality,26111,236,78,6504,4.014606396,4718,1706,6,0,54,15,4743,1481,4945,1524
631,60609,Karnali,Dailekh,Bhagawatimai Rural Municipality,18206,120,75.8,3550,5.128450704,3449,98,2,0,1,0,3352,148,3321,155
632,60610,Karnali,Dailekh,Dungeshwor Rural Municipality,14533,138,79.1,3399,4.275669315,3084,306,1,0,1,7,3049,306,3037,343
633,60611,Karnali,Dailekh,Gurans Rural Municipality,21189,129,79.1,4541,4.66615283,4150,356,14,0,13,8,4223,160,4252,209
634,60701,Karnali,Jajarkot,Barekot Rural Municipality,22005,38,78.6,3887,5.661178287,3684,162,5,0,8,25,3563,106,3704,153
635,60702,Karnali,Jajarkot,Kuse Rural Municipality,23058,84,74.5,4401,5.239263804,4160,218,6,0,5,9,4086,119,4285,92
636,60703,Karnali,Jajarkot,Junichande Rural Municipality,23771,69,73,4296,5.533286778,4119,154,10,2,9,2,4119,55,4180,68
637,60704,Karnali,Jajarkot,Chhedagad Municipality,37877,133,75.8,7197,5.262887314,6757,390,7,24,14,4,6775,216,6808,309
638,60705,Karnali,Jajarkot,Shivalaya Rural Municipality,14776,110,78.3,2806,5.265858874,2527,256,15,0,5,1,2544,136,2581,165
639,60706,Karnali,Jajarkot,Bheri Malika Municipality,37892,172,75.1,8874,4.270002254,7277,1550,17,1,7,15,7694,973,7801,1010
640,60707,Karnali,Jajarkot,Nalagad Municipality,28922,75,73.6,5992,4.826769025,5446,501,5,1,3,27,5560,301,5495,399
641,60801,Karnali,Rukum West ,Aathabisakot Municipality,35917,64,70.1,7553,4.755329008,7063,461,3,2,4,18,7178,209,7135,372
642,60802,Karnali,Rukum West ,Sanibheri Rural Municipality,24759,185,75.7,5292,4.678571429,4961,315,1,0,10,4,4866,242,4831,434
643,60803,Karnali,Rukum West ,Banphikot Rural Municipality,21033,110,74.9,4607,4.56544389,4389,200,6,1,9,1,4320,132,4136,454
644,60804,Karnali,Rukum West ,Musikot Municipality,34270,252,80.6,8693,3.942252387,6434,2242,9,0,6,1,6835,1621,6121,2514
645,60805,Karnali,Rukum West ,Tribeni Rural Municipality,20525,240,76.9,4308,4.764391829,3984,319,3,0,1,1,3965,202,3811,487
646,60806,Karnali,Rukum West ,Chaurjahari Municipality,28956,270,74.4,6837,4.235190873,6200,540,5,0,90,1,6097,504,5929,877
647,60901,Karnali,Salyan,Darma Rural Municipality,20139,247,77.2,4264,4.723030019,4125,137,0,0,2,0,4015,179,3975,279
648,60902,Karnali,Salyan,Kumakh Malika Rural Municipality,24859,140,75,5491,4.52722637,5073,400,1,0,15,2,5091,214,5015,424
649,60903,Karnali,Salyan,Banagad Kupinde Municipality,32940,97,70.5,7428,4.43457189,6663,734,2,0,18,11,6528,635,6512,847
650,60904,Karnali,Salyan,Dhorchaur Rural Municipality,13127,147,77.3,2898,4.529675638,2743,139,0,0,0,15,2699,114,2656,233
651,60905,Karnali,Salyan,Bagachour Municipality,34021,209,79.8,7498,4.537343292,6870,610,0,1,9,1,6966,356,6996,477
652,60906,Karnali,Salyan,Chhatreshwori Rural Municipality,21242,141,77.7,5139,4.133489006,4756,363,3,0,12,4,4686,343,4635,499
653,60907,Karnali,Salyan,Sharada Municipality,34663,175,80,8898,3.895594516,6666,2219,2,1,6,3,7065,1687,7191,1679
654,60908,Karnali,Salyan,Kalimati Rural Municipality,22206,44,77.6,4972,4.46621078,4748,196,2,0,17,6,4542,304,4420,423
655,60909,Karnali,Salyan,Tribeni Rural Municipality,16664,140,76.9,4110,4.054501217,3724,339,5,0,25,14,3491,489,3498,594
656,60910,Karnali,Salyan,Kapurkot Rural Municipality,17526,147,79.8,3974,4.41016608,3677,287,2,0,0,7,3614,212,3417,537
657,61001,Karnali,Surkhet,Simta Rural Municipality,24083,100,76.5,6062,3.97278126,5366,691,2,1,2,0,5300,599,5087,745
658,61002,Karnali,Surkhet,Chingad Rural Municipality,15600,92,74.2,3297,4.731574158,3037,252,0,1,7,0,2930,143,2634,193
659,61003,Karnali,Surkhet,Lekabeshi Municipality,31710,175,82.2,7441,4.261523989,6551,811,3,1,72,2,5798,1321,5265,1587
660,61004,Karnali,Surkhet,Gurbhakot Municipality,48216,211,82.8,11798,4.086794372,9326,2399,7,0,38,17,8878,2555,7468,4222
661,61005,Karnali,Surkhet,Bheriganga Municipality,48203,188,81.1,11539,4.177398388,8605,2807,19,2,82,21,7633,3375,7101,3815
662,61006,Karnali,Surkhet,Birendranagar Municipality,153863,628,87.2,38377,4.009250332,8493,29295,73,19,464,13,8940,26792,9043,28350
663,61007,Karnali,Surkhet,Barahatal Rural Municipality,25943,57,77.7,6169,4.205381747,5800,344,2,1,10,9,5382,625,4043,810
664,61008,Karnali,Surkhet,Panchapuri Municipality,35839,109,78.5,7803,4.59297706,7041,737,1,0,6,12,6632,910,5054,1038
665,61009,Karnali,Surkhet,Chaukune Rural Municipality,26950,71,78.1,5336,5.0505997,5050,264,2,2,8,7,4997,219,4348,137
666,70101,Sudurpaschim,Bajura,70101 Himali Rural Municipality,10309,12,64.4,1998,5.16,1915,80,1,0,0,1,1918,18,1941,41
667,70102,Sudurpaschim,Bajura,70102 Gaumul Rural Municipality,8913,28,74.2,1716,5.19,1690,23,1,0,0,1,1575,31,1660,24
668,70103,Sudurpaschim,Bajura,70103 Budhinanda Municipality,20072,86,69.2,4150,4.84,3698,340,0,0,109,2,3871,174,3806,274
669,70104,Sudurpaschim,Bajura,70104 Swami Kartik Rural Municipality,12576,114,67.2,2362,5.32,2282,72,2,0,5,0,2231,36,2271,69
670,70105,Sudurpaschim,Bajura,70105 Jagannath Rural Municipality,10158,59,68.8,1939,5.24,1825,107,1,0,2,0,1812,62,1845,47
671,70106,Sudurpaschim,Bajura,70106 Badimalika Municipality,18414,67,77.3,4046,4.55,3092,837,4,0,108,4,3255,660,3002,889
672,70107,Sudurpaschim,Bajura,70107 Khaptad Chhededaha Rural Municipality,19307,143,71.4,3574,5.4,3491,76,1,0,4,2,3334,105,3426,125
673,70108,Sudurpaschim,Bajura,70108 Budhiganga Municipality,20185,341,71.9,4554,4.43,4159,373,4,0,7,8,4068,351,4102,236
674,70109,Sudurpaschim,Bajura,70109 Tribeni Municipality,17798,104,71.6,3702,4.84,3599,92,4,0,6,0,3474,128,3564,97
675,70201,Sudurpaschim,Bajhang,70201 Saipal Rural Municipality,2625,2,72.2,447,5.87,446,1,0,0,0,0,433,9,436,6
676,70202,Sudurpaschim,Bajhang,70202 Bungal Municipality,33812,76,70,6372,5.31,6190,166,1,0,9,6,6007,288,5638,652
677,70203,Sudurpaschim,Bajhang,70203 Surma Rural Municipality,11082,41,65.6,1823,6.08,1800,20,0,0,3,0,1507,257,1465,342
678,70204,Sudurpaschim,Bajhang,70204 Talkot Rural Municipality,11719,35,72.3,2244,5.22,2173,68,1,0,1,1,2072,108,2087,140
679,70205,Sudurpaschim,Bajhang,70205 Masta Rural Municipality,13265,121,68.4,2545,5.21,2521,22,2,0,0,0,2468,46,2446,78
680,70206,Sudurpaschim,Bajhang,70206 Jayaprithbi Municipality,21933,132,75.9,5002,4.38,3565,1373,5,0,54,3,3499,1326,3187,1635
681,70207,Sudurpaschim,Bajhang,70207 Chhabis Pathibhara Rural Municipality,14474,124,69.4,3070,4.71,2968,96,1,0,4,0,2628,335,2362,662
682,70208,Sudurpaschim,Bajhang,70208 Durgathali Rural Municipality,11318,183,66.9,2592,4.37,2456,130,1,0,0,3,2292,214,1900,649
683,70209,Sudurpaschim,Bajhang,70209 Kedarsyun Rural Municipality,21312,187,71.9,4296,4.96,3906,380,3,0,5,2,3680,475,3084,1082
684,70210,Sudurpaschim,Bajhang,70210 Bitthadchir Rural Municipality,17812,207,71.5,3116,5.72,2977,127,4,0,8,0,2740,271,2390,694
685,70211,Sudurpaschim,Bajhang,70211 Thalara Rural Municipality,15958,151,68.6,3416,4.67,3305,100,0,0,7,3,3191,163,3040,366
686,70212,Sudurpaschim,Bajhang,70212 Khaptad Chhanna Rural Municipality,13419,118,69.7,3102,4.33,3014,70,2,0,11,5,2935,106,2712,382
687,70301,Sudurpaschim,Darchula,70301 Byas Rural Municipality,9668,12,73.4,2143,4.51,2080,54,0,0,8,0,1861,211,1647,481
688,70302,Sudurpaschim,Darchula,70302 Duhun Rural Municipality,9842,151,77.9,2196,4.48,2085,106,2,0,3,0,1924,198,1470,698
689,70303,Sudurpaschim,Darchula,70303 Mahakali Municipality,24081,178,82.9,5982,4.03,2827,3137,6,0,12,0,2201,3408,2023,3909
690,70304,Sudurpaschim,Darchula,70304 Naugad  Rural Municipality,15528,86,74.2,2975,5.22,2883,84,1,0,6,1,2680,228,2655,305
691,70305,Sudurpaschim,Darchula,70305 Apihimal Rural Municipality,6798,11,80.9,1355,5.02,1322,32,1,0,0,0,1213,81,1241,100
692,70306,Sudurpaschim,Darchula,70306 Marma Rural Municipality,15124,73,77.1,3025,5,2787,238,0,0,0,0,2470,451,2167,815
693,70307,Sudurpaschim,Darchula,70307 Shailyashikhar Municipality,21807,185,74.9,4501,4.84,3956,530,3,0,5,5,3543,765,2924,1523
694,70308,Sudurpaschim,Darchula,70308 Malikarjun Rural Municipality,15635,155,82.9,3174,4.93,3065,100,3,0,4,2,2863,205,2396,753
695,70309,Sudurpaschim,Darchula,70309 Lekam Rural Municipality,13743,164,75.2,3030,4.54,2852,162,5,0,7,3,2747,180,2555,451
696,70401,Sudurpaschim,Baitadi,70401 Dilasaini Rural Municipality,22966,183,76.7,4509,5.09,4269,233,2,0,3,0,3333,661,3381,1111
697,70402,Sudurpaschim,Baitadi,70402 Dogada Kedar Rural Municipality,23104,183,77.9,4672,4.95,4614,53,2,0,2,0,4195,295,3876,782
698,70403,Sudurpaschim,Baitadi,70403 Puchaundi Municipality,38281,193,71.4,7145,5.36,6982,150,7,1,5,0,6648,240,6512,486
699,70404,Sudurpaschim,Baitadi,70404 Surnaya Rural Municipality,17945,144,74.8,3783,4.74,3721,53,1,0,5,3,3398,306,2865,903
700,70405,Sudurpaschim,Baitadi,70405 Dasharathchand Municipality,31567,234,80.4,7198,4.39,6190,969,10,1,22,5,5698,1107,4927,2234
701,70406,Sudurpaschim,Baitadi,70406 Pancheshwor Rural Municipality,17796,148,76.3,3574,4.98,3461,105,1,0,6,1,3317,175,2784,776
702,70407,Sudurpaschim,Baitadi,70407 Shivanath Rural Municipality,18064,221,75.9,3434,5.26,3381,53,0,0,0,0,3135,180,2984,444
703,70408,Sudurpaschim,Baitadi,70408 Melauli Municipality,20658,173,79.3,4536,4.55,4388,144,1,0,2,1,4088,251,3732,786
704,70409,Sudurpaschim,Baitadi,70409 Patan Municipality,29230,133,80.5,6442,4.54,5985,439,1,0,17,0,5726,477,4713,1675
705,70410,Sudurpaschim,Baitadi,70410 Sigas Rural Municipality,21814,89,74.3,4114,5.3,4027,82,1,0,3,0,3826,195,3474,616
706,70501,Sudurpaschim,Dadeldhura,70501 Nawadurga Rural Municipality,18672,132,72.1,4318,4.32,4138,170,2,1,5,2,3659,520,3490,801
707,70502,Sudurpaschim,Dadeldhura,70502 Amargadhi Municipality,24149,173,81.8,6182,3.91,3724,2400,9,0,40,4,3143,2742,2913,3065
708,70503,Sudurpaschim,Dadeldhura,70503 Ajayameru Rural Municipality,15161,102,75.7,3453,4.39,3353,96,1,0,3,0,3188,167,3115,310
709,70504,Sudurpaschim,Dadeldhura,70504 Bhageshwor Rural Municipality,13132,56,80,2794,4.7,2694,95,1,1,2,0,2640,116,2404,336
710,70505,Sudurpaschim,Dadeldhura,70505 Parashuram Municipality,35590,86,78.7,7434,4.79,6839,559,9,0,20,4,5252,1970,3981,2439
711,70506,Sudurpaschim,Dadeldhura,70506 Aalital Rural Municipality,18112,62,81,3710,4.88,3499,201,4,0,4,2,3159,398,2616,606
712,70507,Sudurpaschim,Dadeldhura,70507 Ganyapdhura Rural Municipality,13722,101,74.1,3281,4.18,3103,167,1,1,6,2,2772,395,2481,744
713,70601,Sudurpaschim,Doti,70601 Purbichouki Rural Municipality,21494,183,67.9,5148,4.18,4847,253,4,0,27,12,4671,272,4847,220
714,70602,Sudurpaschim,Doti,70602 Sayal Rural Municipality,20456,167,62.1,4207,4.86,4102,66,2,0,24,0,4019,90,4060,128
715,70603,Sudurpaschim,Doti,70603 Aadarsha Rural Municipality,24495,191,67,5317,4.61,5160,126,1,0,20,7,4979,201,4851,427
716,70604,Sudurpaschim,Doti,70604 Shikhar Municipality,30399,107,69,7016,4.33,6582,427,3,0,1,2,5957,825,5538,1405
717,70605,Sudurpaschim,Doti,70605 Dipayal Silgadhi Municipality,33968,268,73.3,8385,4.05,5537,2807,15,0,9,4,5345,2643,5491,2497
718,70606,Sudurpaschim,Doti,70606 K.I. Singh Rural Municipality,20736,163,69.5,4680,4.43,4568,79,1,0,16,15,4417,106,4458,180
719,70607,Sudurpaschim,Doti,70607 Bogatan Rural Municipality,15540,52,70.4,3162,4.91,3101,53,1,2,0,2,3035,45,3042,69
720,70608,Sudurpaschim,Doti,70608 Badi Kedar Rural Municipality,14902,45,76.1,2905,5.13,2732,157,0,0,12,2,2588,172,2609,128
721,70609,Sudurpaschim,Doti,70609 Jorayal Rural Municipality,19788,47,77.8,4320,4.58,3955,345,3,0,17,0,3753,423,3434,520
722,70701,Sudurpaschim,Achham,70701 Panchdebal Binayak Municipality,26088,177,69.8,5412,4.82,5137,252,0,0,20,3,5119,174,5190,171
723,70702,Sudurpaschim,Achham,70702 Ramaroshan Rural Municipality,23600,136,71.1,4832,4.88,4674,143,1,0,9,4,4652,108,4726,53
724,70703,Sudurpaschim,Achham,70703 Mellekh Rural Municipality,22785,169,76.1,4722,4.83,4556,140,4,0,17,2,4382,139,4526,168
725,70704,Sudurpaschim,Achham,70704 Sanphebagar Municipality,25891,155,74.4,6311,4.1,5271,991,9,1,17,9,5163,955,5191,992
726,70705,Sudurpaschim,Achham,70705 Chaurpati Rural Municipality,21681,199,70.3,4811,4.51,4627,162,2,0,8,9,4449,171,4637,134
727,70706,Sudurpaschim,Achham,70706 Mangalsen Municipality,26557,121,72.8,6222,4.27,5464,702,1,0,27,18,5446,600,5392,698
728,70707,Sudurpaschim,Achham,70707 Bannigadhi Jayagadh Rural Municipality,13519,232,73.7,3134,4.31,2991,130,2,0,2,8,2941,121,2962,121
729,70708,Sudurpaschim,Achham,70708 Kamal Bazar Municipality,21032,174,70.3,4569,4.6,4416,102,3,0,37,8,4400,97,4468,87
730,70709,Sudurpaschim,Achham,70709 Dhakari Rural Municipality,21998,97,72.8,4305,5.11,4159,127,2,0,2,12,4118,95,4193,90
731,70710,Sudurpaschim,Achham,70710 Turmakhand Rural Municipality,24574,106,73.6,5249,4.68,5055,179,10,0,1,3,5022,81,5033,149
732,70801,Sudurpaschim,Kailali,70801 Mohanyal Rural Municipality,21082,34,76.6,4347,4.85,4151,170,1,1,6,9,3963,180,2893,143
733,70802,Sudurpaschim,Kailali,70802 Chure Rural Municipality,21400,43,77.7,4239,5.05,4032,206,0,1,0,0,3828,295,3043,314
734,70803,Sudurpaschim,Kailali,70803 Godawari Municipality,98746,320,83,21250,4.65,11511,8894,112,9,710,3,7377,12522,4160,13861
735,70804,Sudurpaschim,Kailali,70804 Gauriganga Municipality,64558,264,75.2,13781,4.68,10367,2688,25,13,686,1,8466,4868,1467,5023
736,70805,Sudurpaschim,Kailali,70805 Ghodaghodi Municipality,86034,243,76.2,18383,4.68,13201,4232,87,73,783,3,10944,6708,2053,7225
737,70806,Sudurpaschim,Kailali,70806 Bardagoriya Rural Municipality,37682,488,76,7940,4.75,4571,2800,28,13,527,0,4344,3447,172,3791
738,70807,Sudurpaschim,Kailali,70807 Lamki Chuha Municipality,90971,404,75.9,20412,4.46,9218,10173,119,36,851,1,7431,11972,2093,13068
739,70808,Sudurpaschim,Kailali,70808 Janaki Rural Municipality,49860,465,67.1,11041,4.52,5146,4516,124,12,1242,0,7215,3323,3189,3842
740,70809,Sudurpaschim,Kailali,70809 Joshipur Rural Municipality,37187,567,72.7,7751,4.8,3033,2634,58,60,1966,0,5822,1589,1158,2474
741,70810,Sudurpaschim,Kailali,70810 Tikapur Municipality,89835,759,77.8,20930,4.29,8770,11309,121,8,709,0,10223,9835,5207,10277
742,70811,Sudurpaschim,Kailali,70811 Bhajani Municipality,53494,304,73.3,10845,4.93,7347,2445,60,10,980,0,9011,1501,1583,2381
743,70812,Sudurpaschim,Kailali,70812 Kailari Rural Municipality,49917,214,72.5,10174,4.91,6358,1449,59,9,2293,3,8473,1257,1464,1592
744,70813,Sudurpaschim,Kailali,70813 Dhangadhi Sub-Metropolitan City,198792,759,83.3,44779,4.44,13952,29261,205,36,1149,6,12747,28071,5988,31368
745,70901,Sudurpaschim,Kanchanpur,70901 Krishnapur Municipality,71500,283,77.3,15111,4.73,10856,3754,38,5,457,1,8103,6633,1463,7189
746,70902,Sudurpaschim,Kanchanpur,70902 Shuklaphanta Municipality,53969,332,77.1,12058,4.48,7097,4227,50,25,655,2,5738,5646,1389,6174
747,70903,Sudurpaschim,Kanchanpur,70903 Bedkot Municipality,57680,361,78.5,12595,4.58,6640,5418,46,49,430,1,4330,7522,1583,8359
748,70904,Sudurpaschim,Kanchanpur,70904 Bhimdatta Municipality,122320,712,84.3,27570,4.44,7359,18125,114,20,1942,3,4204,21532,2447,23162
749,70905,Sudurpaschim,Kanchanpur,70905 Dodharachadani  Municipality,42974,756,79.2,9610,4.47,5099,2880,35,1,1591,3,3022,6314,854,7295
750,70906,Sudurpaschim,Kanchanpur,70906 Laljhadi Rural Municipality,25037,162,75.9,4745,5.28,4396,254,13,3,78,0,3997,656,394,710
751,70907,Sudurpaschim,Kanchanpur,70907 Punarbas Municipality,61748,595,78.2,13626,4.53,7186,5951,69,14,395,1,6864,6288,5611,5818
752,70908,Sudurpaschim,Kanchanpur,70908 Belouri Municipality,53910,437,79.3,11151,4.83,5930,3951,47,29,1175,0,6562,4181,913,5028
753,70909,Sudurpaschim,Kanchanpur,70909 Beldandi Rural Municipality,21888,596,78.1,4701,4.66,2889,1476,20,10,305,1,2956,1499,368,1989